transaction_id,user_id,account_age_days,transaction_amount,transaction_type,merchant_category,country,city,device_type,is_fraud,credit_score,income,balance,num_previous_transactions,avg_monthly_spend,payment_method,hour_of_day,day_of_week,lat,lon,session_duration,num_items,discount_applied,loyalty_points,risk_score,employment_status,age,gender,tenure_years,customer_segment
1,100229,596,18.68,purchase,grocery,US,Miami,mobile,0,510,46015.69,-5000.0,18,4948.88,wallet,17,5,25.73252,-80.20664,93.0,19,0,3513,27.7,employed,48,female,1.86,premium
2,100337,283,13.02,transfer,utilities,US,Miami,mobile,0,521,32300.17,-5000.0,9,3312.15,card,16,4,25.77527,-80.19511,10.0,19,0,3959,20.8,student,30,female,1.2,standard
3,100327,273,11.78,purchase,fashion,ES,Madrid,mobile,0,532,22154.61,24063.87,5,1470.79,card,21,6,40.37674,-3.67189,33.8,4,0,899,19.3,retired,32,male,0.27,basic
4,100416,888,11.03,purchase,services,AR,Buenos Aires,mobile,0,470,33540.87,-5000.0,36,3064.87,card,20,4,-34.61486,-58.39467,20.9,16,0,3952,18.4,unemployed,31,female,3.07,standard
5,100306,1258,8.61,purchase,services,US,Miami,mobile,1,584,19038.53,776.86,35,755.3,bank_transfer,14,1,25.80466,-80.14675,10.0,5,0,713,15.5,retired,62,male,3.44,basic
6,100131,163,21.08,transfer,utilities,MX,Mexico City,mobile,1,449,36545.06,23327.11,1,1272.35,card,17,2,19.38741,-99.12377,23.3,2,0,1342,30.6,retired,26,male,0.64,standard
7,100005,308,17.22,transfer,electronics,ES,Madrid,mobile,0,467,47563.28,45629.12,11,2188.19,wallet,15,3,40.42521,-3.67339,45.7,13,0,2146,26.0,employed,24,male,1.26,premium
8,100431,1169,45.44,withdrawal,services,ES,Madrid,mobile,1,521,121345.37,-2578.59,44,5000.0,card,6,5,40.43698,-3.73422,22.6,16,1,2806,60.3,employed,64,non_binary,3.14,vip
9,100434,1999,9.35,payment,utilities,CL,Santiago,mobile,0,509,23542.12,-5000.0,70,2768.23,card,12,1,-33.47205,-70.68501,75.4,13,0,3701,16.4,self_employed,30,male,5.6,basic
10,100134,1316,60.75,purchase,grocery,US,Miami,desktop,1,485,61339.09,56007.58,33,5000.0,bank_transfer,13,1,25.75566,-80.1838,23.6,29,0,5355,73.9,unemployed,33,female,3.88,premium
11,100276,621,8.64,purchase,health,CL,Santiago,desktop,1,479,25420.79,17592.08,21,522.71,cash,10,0,-33.46724,-70.69931,15.2,4,0,759,18.5,employed,29,female,1.63,basic
12,100264,1764,11.19,purchase,utilities,MX,Mexico City,mobile,1,550,33038.58,-5000.0,49,2963.98,bank_transfer,12,4,19.4295,-99.15377,15.5,18,0,1687,18.6,self_employed,52,male,4.89,standard
13,100034,1574,21.61,purchase,health,CL,Santiago,desktop,0,516,39513.54,-210.37,54,2720.15,card,12,1,-33.3993,-70.68356,32.8,12,0,3465,26.3,employed,51,male,4.22,standard
14,100274,127,24.77,purchase,electronics,AR,Buenos Aires,mobile,1,496,98582.24,83025.56,3,5000.0,wallet,10,0,-34.60976,-58.37334,25.4,22,0,4121,35.1,employed,27,male,0.0,vip
15,100489,930,11.58,payment,services,CL,Santiago,tablet,0,523,25803.56,-67.63,23,3197.42,bank_transfer,20,6,-33.46115,-70.70637,10.1,10,0,3560,14.1,employed,28,female,3.43,standard
16,100011,802,53.36,refund,utilities,ES,Madrid,mobile,0,651,80643.39,43211.32,24,5000.0,card,8,0,40.42378,-3.69104,20.8,22,0,6052,69.9,self_employed,56,female,2.18,vip
17,100378,680,34.03,refund,utilities,ES,Madrid,mobile,1,555,72118.85,60875.57,22,3037.3,cash,16,6,40.42562,-3.66421,31.3,9,0,3944,54.4,employed,64,male,1.36,vip
18,100467,85,22.37,purchase,utilities,CO,Bogota,desktop,0,523,81728.54,5494.47,5,3975.53,card,15,4,4.70821,-74.08308,36.5,20,0,2566,27.2,employed,33,male,0.0,vip
19,100425,705,11.76,transfer,fashion,CO,Bogota,mobile,0,566,29759.62,26727.62,20,1802.57,card,17,0,4.7316,-74.07706,11.5,8,1,1648,19.3,employed,61,male,2.24,standard
20,100241,3100,27.48,purchase,grocery,PE,Lima,desktop,0,500,71814.54,-5000.0,90,4600.16,cash,17,3,-12.03063,-77.03412,72.2,21,0,5727,41.4,self_employed,24,female,6.0,premium
21,100093,211,26.23,purchase,grocery,AR,Buenos Aires,mobile,1,582,31325.43,-3703.79,9,2254.14,bank_transfer,20,6,-34.58851,-58.4039,21.3,15,1,2423,36.9,student,51,female,1.14,standard
22,100310,82,14.33,purchase,health,MX,Mexico City,mobile,0,461,40256.8,24782.5,4,5000.0,wallet,15,6,19.40931,-99.12278,27.1,17,0,6922,22.4,unemployed,33,male,0.43,standard
23,100189,163,42.43,transfer,grocery,CL,Santiago,mobile,1,521,36025.41,-4829.12,6,2287.98,card,17,3,-33.47854,-70.66692,21.5,13,0,1348,56.6,self_employed,28,male,0.2,standard
24,100277,109,9.94,purchase,electronics,ES,Madrid,mobile,0,503,17250.0,4619.88,5,1631.59,card,18,4,40.44928,-3.66882,21.1,14,0,1656,17.1,employed,59,female,0.0,basic
25,100138,142,33.22,transfer,utilities,US,Miami,tablet,1,582,34478.0,10404.56,2,705.04,wallet,9,1,25.77393,-80.19408,26.5,2,0,421,40.4,student,69,male,0.0,standard
26,100332,989,18.66,withdrawal,health,AR,Buenos Aires,mobile,1,554,47776.13,36793.55,43,2066.85,cash,11,5,-34.59176,-58.36281,59.9,7,0,2197,35.7,student,66,male,3.02,premium
27,100313,366,21.49,transfer,grocery,MX,Mexico City,mobile,1,588,69472.54,63621.05,7,5000.0,card,8,0,19.46374,-99.17545,41.5,21,1,5610,31.1,employed,53,male,1.03,premium
28,100059,731,16.23,purchase,fashion,CO,Bogota,mobile,0,469,51177.05,42316.12,23,3925.61,card,14,1,4.7445,-74.08299,10.0,14,1,5214,24.7,employed,32,female,2.0,premium
29,100212,473,13.19,purchase,travel,AR,Buenos Aires,tablet,0,508,20913.6,16439.49,16,1284.25,wallet,18,6,-34.59819,-58.3967,38.0,5,1,1186,16.0,retired,36,male,1.56,basic
30,100171,439,16.67,purchase,travel,PE,Lima,mobile,0,552,30091.86,20136.83,12,1752.86,wallet,13,0,-12.0238,-77.06142,10.0,15,0,1971,25.3,self_employed,53,female,1.13,standard
31,100375,714,18.62,purchase,grocery,PE,Lima,mobile,0,602,65663.53,65259.92,27,5000.0,cash,9,4,-12.05042,-77.03564,42.2,18,1,6791,35.7,employed,61,male,2.81,premium
32,100085,641,16.26,purchase,utilities,MX,Mexico City,desktop,0,461,68846.63,15999.07,24,1405.34,bank_transfer,19,4,19.46617,-99.12922,25.5,4,0,1687,19.8,employed,38,female,2.01,premium
33,100266,1564,31.7,transfer,fashion,AR,Buenos Aires,desktop,1,431,40879.15,25041.12,58,2485.64,card,23,2,-34.58989,-58.38187,28.4,14,0,2972,38.6,employed,22,female,4.0,standard
34,100036,342,13.99,purchase,grocery,PE,Lima,mobile,0,435,35595.91,19763.96,14,5000.0,bank_transfer,15,6,-12.06842,-77.06304,16.2,20,0,6945,22.0,student,25,male,0.54,standard
35,100272,577,22.54,transfer,electronics,PE,Lima,desktop,0,597,46301.77,7281.7,18,1767.99,card,23,2,-12.0506,-77.05076,22.0,9,1,1181,27.4,employed,65,female,1.72,premium
36,100287,353,13.37,refund,health,PE,Lima,desktop,0,491,31835.77,12198.75,8,677.95,bank_transfer,16,0,-12.05936,-77.07151,180.7,4,1,1012,16.3,employed,27,female,1.02,standard
37,100185,479,19.44,payment,services,ES,Madrid,desktop,0,519,67981.23,71508.56,12,1383.94,card,7,6,40.46897,-3.68951,54.2,7,0,769,23.7,employed,27,female,1.17,premium
38,100338,334,24.0,purchase,grocery,AR,Buenos Aires,mobile,0,485,101609.31,88504.08,14,5000.0,card,17,2,-34.6154,-58.41368,70.5,13,0,3948,34.2,self_employed,30,female,1.74,vip
39,100033,898,10.52,purchase,utilities,ES,Madrid,mobile,0,433,17250.0,7685.73,24,1619.21,bank_transfer,15,0,40.42375,-3.70499,53.0,6,1,2079,17.8,employed,24,female,1.82,basic
40,100343,2520,39.72,purchase,utilities,PE,Lima,mobile,0,531,55803.5,-5000.0,91,5000.0,cash,23,3,-12.05375,-77.01678,73.2,23,0,6286,61.3,employed,25,male,7.0,premium
41,100363,130,90.86,purchase,utilities,US,Miami,desktop,1,443,57075.08,21480.36,4,3604.05,card,8,6,25.76528,-80.20929,14.8,16,0,4316,100.0,self_employed,30,female,0.06,premium
42,100009,35,19.64,withdrawal,travel,PE,Lima,desktop,0,614,28238.41,22358.25,2,1127.31,card,11,3,-12.03574,-77.0548,27.4,4,0,1018,23.9,student,63,male,0.0,standard
43,100204,331,38.23,withdrawal,grocery,US,Miami,mobile,1,449,14842.63,10132.62,13,1345.86,card,13,6,25.7827,-80.18569,42.1,6,0,769,51.5,retired,32,female,0.33,basic
44,100472,923,32.6,purchase,travel,AR,Buenos Aires,desktop,0,515,109100.99,110973.47,24,4833.75,wallet,3,5,-34.6022,-58.37358,38.7,20,1,4138,39.7,employed,30,female,2.74,vip
45,100048,1174,11.96,purchase,travel,US,Miami,tablet,0,618,37885.96,15400.96,59,4198.39,card,22,3,25.77567,-80.15292,33.4,28,0,4028,14.6,employed,60,male,3.06,standard
46,100280,498,49.59,transfer,fashion,ES,Madrid,mobile,0,469,108937.37,70736.8,8,4636.63,card,16,2,40.42343,-3.68002,35.8,23,0,5415,65.3,employed,22,male,0.87,vip
47,100015,1092,34.46,transfer,fashion,CL,Santiago,mobile,0,639,50160.43,9310.86,33,3287.37,bank_transfer,21,2,-33.46871,-70.67019,32.6,12,1,2419,46.9,student,63,male,3.37,premium
48,100184,1068,14.04,transfer,services,CL,Santiago,mobile,0,500,26260.36,15482.17,29,2359.26,card,23,1,-33.44172,-70.66414,29.3,11,0,1781,22.1,retired,37,male,2.72,standard
49,100024,1571,15.71,refund,services,MX,Mexico City,desktop,1,567,41309.63,-4176.18,57,4780.49,bank_transfer,12,4,19.43528,-99.12907,42.0,26,0,4505,19.1,self_employed,56,female,4.07,standard
50,100082,2049,21.89,purchase,grocery,CO,Bogota,mobile,1,462,50295.95,11298.32,69,5000.0,cash,18,4,4.68862,-74.07094,30.1,29,0,6217,39.6,self_employed,32,female,5.09,premium
51,100289,544,15.96,transfer,grocery,US,Miami,desktop,0,511,41321.7,-5000.0,23,2708.58,wallet,15,3,25.75881,-80.18871,23.8,13,0,2210,19.4,unemployed,29,male,1.47,standard
52,100182,572,27.06,withdrawal,utilities,CL,Santiago,mobile,0,494,46176.46,-5000.0,20,3969.11,card,12,4,-33.44565,-70.67915,53.7,21,0,5528,37.9,employed,30,female,1.2,premium
53,100013,2523,18.21,withdrawal,travel,PE,Lima,mobile,1,513,33400.41,-1015.89,91,3139.43,card,21,6,-12.01371,-77.06797,37.8,17,0,3080,27.2,employed,27,female,7.38,standard
54,100114,916,43.37,transfer,electronics,PE,Lima,mobile,0,587,76468.43,28104.76,24,4877.53,cash,21,2,-12.01001,-77.01126,40.8,14,0,5613,65.8,employed,46,female,2.29,vip
55,100475,265,23.65,withdrawal,utilities,AR,Buenos Aires,mobile,0,572,113365.86,71752.44,2,5000.0,cash,9,6,-34.63293,-58.35445,10.0,29,0,7186,41.8,self_employed,52,male,0.97,vip
56,100440,1771,21.97,purchase,health,PE,Lima,mobile,0,549,44865.02,8206.03,65,1488.61,wallet,10,1,-12.05889,-77.06311,55.4,6,0,2072,31.7,self_employed,62,female,4.7,premium
57,100308,791,16.75,transfer,electronics,CL,Santiago,desktop,0,469,45548.1,14726.1,19,3934.7,card,18,3,-33.47284,-70.65034,14.4,22,0,4182,20.4,employed,18,female,0.0,premium
58,100368,221,25.57,purchase,health,AR,Buenos Aires,mobile,1,621,63134.24,33538.84,6,4848.87,card,10,1,-34.60376,-58.40417,59.4,25,0,6138,36.1,employed,65,female,0.25,premium
59,100055,650,16.55,transfer,electronics,AR,Buenos Aires,mobile,0,465,25621.28,10963.7,30,1272.35,bank_transfer,18,3,-34.58959,-58.37911,34.0,8,0,1261,25.1,student,25,female,2.44,basic
60,100132,86,12.52,withdrawal,grocery,MX,Mexico City,mobile,0,484,17250.0,9538.78,2,880.97,wallet,23,0,19.39156,-99.14906,30.0,6,0,628,20.2,employed,28,female,0.04,basic
61,100237,611,23.38,purchase,electronics,US,Miami,mobile,0,428,49423.01,7752.35,17,3346.57,cash,21,6,25.7554,-80.19027,10.0,17,0,2214,41.4,self_employed,25,female,1.62,premium
62,100470,471,18.47,purchase,health,CL,Santiago,mobile,0,538,55845.08,-4784.73,12,5000.0,wallet,4,3,-33.42741,-70.66935,49.5,20,1,3146,27.5,unemployed,60,female,1.43,premium
63,100075,1506,19.46,purchase,electronics,MX,Mexico City,desktop,0,393,20473.53,19795.48,40,747.9,cash,11,4,19.42146,-99.12698,10.0,6,0,951,31.7,employed,27,male,4.25,basic
64,100316,521,9.92,purchase,travel,CO,Bogota,mobile,0,455,17250.0,-2018.71,26,1812.73,card,23,0,4.71276,-74.05479,24.9,7,1,1778,17.1,employed,28,male,1.09,basic
65,100370,405,54.66,purchase,electronics,MX,Mexico City,mobile,0,572,57964.41,-5000.0,17,4449.69,cash,21,0,19.44612,-99.13783,10.0,17,0,2794,79.5,employed,59,female,1.33,premium
66,100151,1980,32.36,purchase,travel,MX,Mexico City,mobile,1,529,24030.22,12550.03,71,2517.12,bank_transfer,10,2,19.36468,-99.16221,11.6,10,0,1681,44.4,employed,55,female,5.16,basic
67,100072,1338,8.96,purchase,utilities,CO,Bogota,mobile,0,398,19297.38,3488.03,46,1083.53,card,12,3,4.71527,-74.1006,99.9,7,0,706,15.9,employed,27,female,3.4,basic
68,100172,666,13.43,payment,fashion,CO,Bogota,desktop,0,502,23702.91,-5000.0,32,3036.55,card,18,1,4.68944,-74.03758,10.0,19,0,3695,16.3,self_employed,49,male,1.13,basic
69,100164,606,11.53,transfer,utilities,CL,Santiago,mobile,0,561,37009.62,15971.8,13,1239.93,card,23,0,-33.46801,-70.70397,32.4,4,0,1277,19.0,student,51,male,1.61,standard
70,100188,1204,56.39,withdrawal,electronics,AR,Buenos Aires,mobile,0,530,85647.44,34041.28,43,5000.0,card,11,5,-34.63484,-58.34875,16.7,15,0,6279,73.6,employed,32,female,2.98,vip
71,100170,658,8.46,withdrawal,utilities,AR,Buenos Aires,desktop,0,566,19684.98,19767.68,26,729.61,card,10,0,-34.62383,-58.39508,40.1,7,0,890,10.3,employed,53,female,1.69,basic
72,100026,186,16.9,transfer,grocery,CO,Bogota,desktop,0,436,46890.46,2467.54,8,2114.14,wallet,5,2,4.70628,-74.06137,23.4,9,1,1213,20.6,employed,34,male,1.02,premium
73,100101,614,22.59,transfer,utilities,CO,Bogota,mobile,0,510,29911.8,18948.2,21,1058.8,bank_transfer,12,0,4.70177,-74.08837,40.6,6,0,842,32.5,retired,34,female,1.32,standard
74,100392,738,17.42,purchase,grocery,AR,Buenos Aires,desktop,0,462,46871.63,-5000.0,23,5000.0,card,10,0,-34.58809,-58.42307,15.6,23,0,7278,21.2,employed,25,male,1.89,premium
75,100317,122,14.16,withdrawal,grocery,US,Miami,mobile,0,501,43661.28,-5000.0,4,5000.0,card,20,0,25.78398,-80.17293,19.5,21,0,5293,22.2,student,36,female,0.29,standard
76,100107,269,12.05,transfer,health,ES,Madrid,desktop,1,517,30454.04,25825.75,11,846.54,card,14,3,40.43154,-3.71613,20.3,2,1,558,14.7,unemployed,25,male,1.33,standard
77,100049,479,11.96,purchase,services,CO,Bogota,desktop,0,448,20668.26,11804.62,19,2851.24,cash,23,2,4.69772,-74.06209,52.5,15,0,1766,22.6,self_employed,19,female,1.0,basic
78,100160,840,17.88,withdrawal,services,ES,Madrid,mobile,1,501,28954.77,-5000.0,19,4182.77,card,12,0,40.4125,-3.69155,20.9,22,0,5004,26.8,retired,34,female,2.13,standard
79,100369,480,27.32,purchase,fashion,PE,Lima,desktop,0,574,80611.92,8612.71,15,5000.0,bank_transfer,11,1,-12.01124,-77.02311,30.6,15,0,5307,33.2,self_employed,67,female,1.2,vip
80,100223,353,13.59,purchase,fashion,MX,Mexico City,mobile,0,497,22026.34,-758.36,7,952.99,card,10,1,19.412,-99.13222,10.0,4,1,1158,21.5,retired,33,male,0.95,basic
81,100381,904,8.37,payment,travel,PE,Lima,desktop,0,494,19589.78,-5000.0,29,2057.27,cash,14,5,-12.03816,-77.04021,42.5,11,0,1723,18.2,student,61,male,2.12,basic
82,100367,1077,34.9,payment,fashion,CL,Santiago,mobile,1,460,48113.6,33649.62,48,1835.69,cash,11,3,-33.473,-70.69043,23.6,4,0,1660,55.5,student,22,male,3.15,premium
83,100362,648,13.51,transfer,services,CL,Santiago,mobile,0,514,18942.98,17622.04,16,1272.99,card,14,4,-33.41495,-70.66684,17.9,2,1,820,21.4,retired,34,female,1.85,basic
84,100249,1389,11.77,withdrawal,fashion,US,Miami,mobile,0,521,39433.16,-5000.0,54,5000.0,wallet,14,2,25.76184,-80.18151,25.0,23,0,3901,19.3,self_employed,21,female,3.0,standard
85,100328,745,17.57,purchase,services,CL,Santiago,desktop,0,496,66063.23,30868.79,25,5000.0,card,11,0,-33.42922,-70.66151,21.6,23,0,5662,21.4,employed,55,male,1.85,premium
86,100448,1313,19.13,purchase,electronics,PE,Lima,mobile,0,475,57281.23,-5000.0,39,5000.0,wallet,7,2,-12.03903,-77.04917,10.0,15,0,4447,28.3,employed,18,male,0.0,premium
87,100066,108,33.58,payment,fashion,CO,Bogota,mobile,1,393,113779.15,46380.62,2,5000.0,card,14,5,4.69612,-74.05106,21.6,13,0,7470,45.9,unemployed,18,female,0.0,vip
88,100463,1237,17.87,purchase,utilities,ES,Madrid,desktop,0,575,33635.29,8550.99,37,1425.18,wallet,22,3,40.41646,-3.68381,32.6,8,0,1211,21.7,employed,62,male,2.8,standard
89,100320,653,65.79,purchase,health,MX,Mexico City,mobile,1,573,78023.81,-4194.21,18,5000.0,card,15,4,19.44492,-99.12307,32.9,26,0,5348,85.1,employed,59,male,1.57,vip
90,100125,650,9.43,purchase,travel,CO,Bogota,mobile,0,410,15764.05,6223.6,22,451.66,wallet,9,6,4.67312,-74.0668,31.7,4,0,314,16.5,retired,28,female,1.81,basic
91,100142,333,27.09,transfer,grocery,PE,Lima,desktop,1,417,81520.19,59832.93,10,5000.0,card,20,1,-12.04253,-77.0516,64.7,20,1,5727,33.0,retired,18,female,0.0,vip
92,100234,839,35.72,purchase,utilities,CO,Bogota,desktop,0,443,93062.87,2315.83,22,5000.0,card,10,2,4.73561,-74.0893,21.8,20,0,4525,43.5,employed,23,female,2.77,vip
93,100042,1352,13.18,purchase,fashion,CL,Santiago,mobile,0,489,38846.31,21164.52,54,878.95,card,17,6,-33.48209,-70.6555,10.0,5,1,954,21.0,retired,40,female,3.68,standard
94,100190,940,12.64,refund,grocery,AR,Buenos Aires,mobile,0,569,20005.85,8133.18,28,1748.66,card,14,4,-34.58102,-58.39773,29.6,4,0,1478,20.4,employed,62,female,2.98,basic
95,100041,695,22.17,withdrawal,health,US,Miami,mobile,1,511,56301.59,51474.52,19,5000.0,wallet,12,5,25.74393,-80.17859,10.0,20,0,3066,32.0,employed,28,male,1.68,premium
96,100252,380,11.71,transfer,travel,AR,Buenos Aires,mobile,0,592,31087.79,1806.93,15,1880.96,bank_transfer,13,3,-34.64755,-58.36207,31.9,10,0,1500,19.2,self_employed,66,male,1.59,standard
97,100102,1363,19.8,transfer,electronics,CL,Santiago,tablet,0,579,62658.6,27693.52,35,5000.0,bank_transfer,19,5,-33.42128,-70.65996,18.7,12,0,4567,24.1,employed,61,female,3.55,premium
98,100261,736,16.24,withdrawal,services,US,Miami,mobile,0,494,45921.46,-5000.0,31,4779.13,card,15,2,25.79507,-80.15012,21.2,26,0,2915,24.8,employed,28,male,1.86,premium
99,100351,944,21.04,purchase,grocery,AR,Buenos Aires,mobile,0,446,28124.17,8083.35,24,764.35,cash,10,6,-34.62817,-58.39686,22.1,6,0,398,38.6,student,20,female,2.0,standard
100,100461,388,67.56,payment,grocery,PE,Lima,mobile,1,483,90679.72,44381.39,8,5000.0,card,9,2,-12.02003,-77.04271,20.3,14,0,4394,87.2,student,29,female,1.08,vip
101,100199,314,25.7,withdrawal,utilities,PE,Lima,mobile,1,545,26504.85,10176.48,7,1861.36,card,23,6,-12.02796,-77.01315,25.2,9,0,1833,36.3,employed,57,male,1.11,standard
102,100450,97,9.84,payment,grocery,CL,Santiago,mobile,1,539,23309.18,29383.44,3,923.81,card,8,4,-33.44568,-70.65528,67.0,4,1,582,17.0,unemployed,49,female,0.65,basic
103,100231,981,11.99,purchase,utilities,CL,Santiago,mobile,0,500,38227.56,-5000.0,35,5000.0,card,12,5,-33.43831,-70.6709,57.3,19,0,6965,19.6,retired,27,female,2.64,standard
104,100095,913,9.79,purchase,fashion,CL,Santiago,desktop,0,446,18540.35,1892.11,40,2726.73,wallet,17,6,-33.43089,-70.64952,54.3,12,1,2092,11.9,retired,18,female,0.0,basic
105,100054,846,12.45,withdrawal,fashion,CO,Bogota,mobile,1,437,31079.39,-5000.0,30,3743.66,card,11,4,4.70515,-74.0449,57.1,18,0,2812,20.1,employed,21,female,2.15,standard
106,100309,642,52.37,refund,fashion,AR,Buenos Aires,mobile,1,594,51782.74,39027.1,24,5000.0,bank_transfer,1,2,-34.58624,-58.38309,39.0,29,0,6850,68.7,student,71,female,2.43,premium
107,100341,495,32.32,withdrawal,utilities,MX,Mexico City,mobile,0,505,75544.59,-5000.0,12,5000.0,bank_transfer,16,2,19.43944,-99.11563,10.7,12,0,5183,44.3,self_employed,45,female,0.18,vip
108,100346,1240,28.91,payment,fashion,CL,Santiago,mobile,0,478,133416.91,82945.33,37,3164.7,card,21,5,-33.43593,-70.67154,17.5,14,0,4205,40.2,self_employed,23,male,3.61,vip
109,100155,394,22.01,purchase,utilities,US,Miami,desktop,0,504,59144.72,54819.2,13,2054.68,cash,14,1,25.73861,-80.19931,25.9,11,1,2984,34.8,employed,49,female,1.15,premium
110,100299,1016,23.42,purchase,fashion,US,Miami,mobile,1,461,76228.81,35272.17,35,5000.0,wallet,13,4,25.76784,-80.1951,50.1,12,0,2891,33.5,employed,28,male,2.03,vip
111,100286,439,29.25,payment,electronics,CO,Bogota,desktop,0,422,42971.35,-2675.91,15,4139.86,card,21,2,4.69392,-74.03931,24.2,20,0,2368,35.6,employed,22,female,0.88,standard
112,100459,41,11.51,purchase,grocery,ES,Madrid,mobile,0,562,27372.53,22881.53,2,2051.07,cash,22,1,40.43271,-3.68492,39.2,9,0,2695,27.0,unemployed,55,non_binary,0.46,standard
113,100291,543,19.11,transfer,grocery,MX,Mexico City,mobile,1,421,50509.02,48294.12,18,2025.17,bank_transfer,22,5,19.44889,-99.12047,27.6,8,1,2076,28.3,self_employed,21,female,1.79,premium
114,100196,307,9.71,transfer,health,AR,Buenos Aires,desktop,0,548,23044.14,27841.89,14,566.28,bank_transfer,9,0,-34.58502,-58.36073,43.6,4,1,769,11.8,student,56,female,1.09,basic
115,100000,598,42.44,purchase,fashion,ES,Madrid,mobile,1,461,86211.01,49531.94,23,5000.0,card,14,4,40.41739,-3.7193,74.3,17,0,5607,56.6,self_employed,23,female,1.94,vip
116,100402,1457,12.5,payment,utilities,AR,Buenos Aires,desktop,0,473,27093.04,15806.73,44,637.36,card,9,0,-34.5959,-58.33001,26.7,2,0,376,15.2,employed,35,female,3.63,standard
117,100148,329,14.79,payment,services,CO,Bogota,desktop,0,553,39614.9,30640.09,15,3042.22,cash,12,2,4.69444,-74.07034,18.3,14,0,3175,26.0,retired,63,male,1.26,standard
118,100438,966,42.77,payment,utilities,AR,Buenos Aires,tablet,0,413,142634.28,127646.55,31,3852.97,card,11,1,-34.60559,-58.40529,77.4,29,0,5643,52.0,self_employed,24,male,2.28,vip
119,100295,296,35.22,withdrawal,services,CL,Santiago,mobile,1,600,40303.04,-5000.0,10,4708.11,card,16,4,-33.47641,-70.66774,10.0,18,0,5078,47.9,employed,71,male,0.09,standard
120,100150,270,19.21,purchase,fashion,MX,Mexico City,mobile,0,417,62904.8,6446.94,11,5000.0,card,17,4,19.44295,-99.14563,10.5,22,1,6152,28.4,student,21,male,0.8,premium
121,100191,166,19.79,purchase,grocery,CO,Bogota,desktop,0,561,51664.62,31257.57,8,2728.04,bank_transfer,16,4,4.72591,-74.06434,18.3,14,0,3827,24.1,employed,62,male,1.41,premium
122,100267,122,11.24,withdrawal,utilities,ES,Madrid,mobile,0,471,32620.7,-4971.23,4,1690.42,cash,9,3,40.40784,-3.68715,32.8,4,0,1120,26.7,student,28,male,0.0,standard
123,100020,961,18.32,purchase,grocery,CO,Bogota,mobile,0,528,66880.79,-5000.0,32,5000.0,card,14,0,4.69885,-74.06616,15.5,16,0,5416,27.3,employed,27,female,2.7,premium
124,100120,1165,22.99,transfer,services,US,Miami,mobile,0,571,60973.52,30238.39,34,2190.53,card,10,2,25.75233,-80.18678,32.1,14,0,2922,33.0,employed,66,female,3.47,premium
125,100226,1902,13.19,withdrawal,fashion,CL,Santiago,mobile,1,533,41206.91,-5000.0,66,4226.37,card,20,3,-33.4308,-70.6517,20.2,17,0,5063,21.0,student,54,male,5.32,standard
126,100455,983,11.3,purchase,services,US,Miami,mobile,0,611,42777.62,22924.82,23,5000.0,card,19,1,25.75258,-80.17539,46.4,21,0,5298,18.7,employed,60,female,2.48,standard
127,100384,2530,11.15,payment,grocery,ES,Madrid,mobile,1,468,31433.88,8240.49,87,2519.44,bank_transfer,8,1,40.40549,-3.71991,31.0,13,0,3028,18.6,self_employed,21,female,3.0,standard
128,100293,424,22.43,purchase,travel,AR,Buenos Aires,mobile,0,516,105685.86,98554.25,14,5000.0,card,15,1,-34.62532,-58.39413,19.8,21,0,3440,32.3,employed,34,male,0.55,vip
129,100421,634,12.42,purchase,health,ES,Madrid,mobile,0,432,36572.19,6160.9,14,2051.48,wallet,22,1,40.45319,-3.70451,16.6,11,1,1830,20.1,unemployed,30,male,1.69,standard
130,100374,678,22.36,purchase,services,ES,Madrid,mobile,1,437,67090.52,-5000.0,22,5000.0,card,23,3,40.42866,-3.71351,17.6,23,0,6118,32.2,employed,25,male,2.41,premium
131,100344,2097,27.81,payment,grocery,AR,Buenos Aires,mobile,1,531,148249.77,183929.5,59,5000.0,card,18,5,-34.60282,-58.38251,24.4,27,0,3549,38.8,self_employed,51,female,4.8,vip
132,100383,980,27.95,transfer,grocery,PE,Lima,mobile,0,459,73231.91,11604.15,32,5000.0,card,10,3,-12.04475,-77.04258,19.5,23,0,6818,39.0,employed,37,female,2.6,vip
133,100424,792,13.9,payment,grocery,AR,Buenos Aires,mobile,0,587,23808.48,16824.87,30,1081.39,bank_transfer,14,6,-34.63641,-58.38775,21.3,6,0,1053,21.9,employed,60,female,2.27,basic
134,100427,100,8.85,purchase,fashion,CL,Santiago,mobile,0,490,16970.57,1206.37,1,1746.64,card,22,1,-33.44695,-70.64879,24.3,8,1,1914,15.8,student,45,male,0.61,basic
135,100031,1661,63.39,transfer,electronics,AR,Buenos Aires,mobile,1,550,127910.87,115216.94,68,5000.0,card,10,3,-34.61727,-58.3622,13.7,19,0,4902,82.1,employed,55,male,4.64,vip
136,100246,602,8.08,purchase,utilities,CO,Bogota,desktop,0,478,12750.0,6645.1,23,1003.45,wallet,20,4,4.69404,-74.06327,19.5,2,0,1487,9.8,student,36,female,1.6,basic
137,100021,718,23.37,payment,services,ES,Madrid,mobile,0,395,28298.42,20907.62,18,985.41,bank_transfer,23,6,40.4343,-3.69466,48.4,1,0,1140,33.4,employed,33,male,1.38,standard
138,100478,1078,25.14,purchase,travel,CO,Bogota,mobile,1,582,66593.42,-2454.1,30,4396.96,bank_transfer,10,1,4.67881,-74.08146,34.5,21,0,4975,35.6,self_employed,61,male,2.43,premium
139,100162,854,17.14,purchase,grocery,CL,Santiago,desktop,0,565,49756.72,23371.98,30,5000.0,cash,12,1,-33.44967,-70.66157,67.9,27,0,6389,28.9,employed,68,female,2.89,premium
140,100181,1283,8.52,purchase,services,ES,Madrid,mobile,0,523,13903.34,6520.73,46,1169.53,card,16,1,40.4656,-3.70212,81.2,4,0,1135,15.4,student,60,female,4.41,basic
141,100414,141,11.22,purchase,travel,CO,Bogota,mobile,0,424,33087.19,10541.06,2,1982.25,cash,18,2,4.69728,-74.03674,45.2,10,0,2559,26.7,unemployed,22,male,0.61,standard
142,100079,2266,26.49,purchase,services,US,Miami,mobile,1,608,127418.06,41529.75,72,5000.0,card,11,2,25.7861,-80.14819,18.2,26,0,5720,37.2,employed,56,female,6.58,vip
143,100159,372,14.69,purchase,grocery,PE,Lima,mobile,0,494,25917.92,17399.5,15,2594.62,bank_transfer,15,1,-12.01173,-77.06101,39.2,15,0,3207,22.9,employed,32,female,1.52,standard
144,100419,660,11.49,refund,utilities,PE,Lima,mobile,1,437,17806.82,-5000.0,19,2404.03,card,15,2,-12.03818,-77.09225,37.5,10,0,3410,19.0,employed,19,male,1.0,basic
145,100121,196,13.51,purchase,utilities,US,Miami,mobile,0,573,31878.76,5650.46,9,4670.83,cash,8,3,25.73699,-80.168,41.2,24,0,6690,29.4,self_employed,61,non_binary,0.09,standard
146,100410,322,11.48,withdrawal,fashion,US,Miami,mobile,1,498,27265.4,-836.34,7,2698.75,wallet,14,2,25.77697,-80.20749,35.6,14,0,2025,19.0,retired,29,female,0.98,standard
147,100091,744,13.11,withdrawal,fashion,CL,Santiago,mobile,1,533,36388.09,12460.01,25,1649.19,wallet,23,4,-33.46395,-70.67202,20.9,7,1,1514,21.0,self_employed,53,female,1.05,standard
148,100376,635,30.78,transfer,grocery,CO,Bogota,mobile,0,424,73622.53,21860.81,25,5000.0,bank_transfer,19,6,4.72895,-74.08611,22.1,22,0,4928,42.5,employed,22,male,1.64,vip
149,100479,270,47.1,purchase,electronics,CO,Bogota,mobile,0,470,79690.47,91672.99,8,2810.59,card,13,5,4.72139,-74.09303,41.1,13,0,2787,62.3,employed,22,male,0.86,vip
150,100466,1789,27.29,payment,utilities,AR,Buenos Aires,mobile,0,490,89086.46,-5000.0,58,5000.0,cash,17,6,-34.62451,-58.37596,76.4,18,0,7329,46.2,employed,33,male,4.97,vip
151,100211,888,17.86,transfer,grocery,ES,Madrid,mobile,0,589,70836.11,-1593.33,36,2319.98,card,7,5,40.42027,-3.7006,96.0,7,1,3312,26.7,employed,69,male,2.44,premium
152,100052,605,23.28,payment,health,CL,Santiago,desktop,0,410,36800.69,19145.98,17,3028.81,wallet,23,2,-33.45137,-70.66577,19.4,7,0,2043,28.3,employed,33,female,1.87,standard
153,100178,1469,10.16,purchase,utilities,AR,Buenos Aires,mobile,0,614,18956.32,-5000.0,39,2148.88,card,23,2,-34.60923,-58.3845,19.0,13,0,1737,17.4,retired,64,male,3.83,basic
154,100336,856,28.86,purchase,fashion,US,Miami,mobile,1,539,43185.93,16358.37,27,5000.0,cash,16,6,25.7513,-80.15764,69.5,18,0,4285,48.1,employed,60,female,3.02,standard
155,100201,1142,19.92,withdrawal,electronics,CO,Bogota,desktop,1,579,54733.58,22873.0,42,5000.0,card,16,0,4.7089,-74.05742,14.3,20,0,6622,24.2,student,55,male,3.89,premium
156,100156,227,11.57,purchase,travel,US,Miami,desktop,0,433,25983.2,25313.81,6,750.02,bank_transfer,23,5,25.78763,-80.19837,54.5,4,0,723,14.1,employed,22,male,1.68,standard
157,100480,290,23.06,purchase,health,ES,Madrid,mobile,0,504,50031.91,-5000.0,6,5000.0,card,13,5,40.40426,-3.71384,23.7,19,0,5137,33.1,employed,32,female,0.33,premium
158,100104,772,41.09,purchase,electronics,US,Miami,desktop,0,509,80351.83,16757.91,25,5000.0,bank_transfer,5,4,25.74799,-80.2169,19.3,32,0,5436,50.0,self_employed,28,male,1.4,vip
159,100292,759,37.76,purchase,fashion,PE,Lima,mobile,0,508,85308.43,25312.55,25,4031.28,bank_transfer,23,4,-12.00675,-77.0716,31.4,14,0,4779,50.9,self_employed,35,male,1.78,vip
160,100329,127,48.78,purchase,utilities,AR,Buenos Aires,mobile,0,608,59325.94,-5000.0,4,5000.0,card,8,6,-34.64678,-58.34129,104.2,21,0,3931,64.4,employed,60,female,0.68,premium
161,100401,1086,8.36,payment,services,ES,Madrid,desktop,1,496,17082.5,-5000.0,28,2263.58,card,10,6,40.42171,-3.70421,116.2,11,0,2828,10.2,student,27,male,2.78,basic
162,100406,513,36.44,payment,grocery,CL,Santiago,desktop,1,444,36829.82,5414.53,15,3804.21,wallet,11,6,-33.45926,-70.6348,20.8,19,0,5529,44.3,employed,26,male,1.54,standard
163,100209,571,12.14,transfer,electronics,PE,Lima,mobile,0,543,39921.81,-5000.0,15,3972.26,bank_transfer,13,4,-12.03501,-77.01943,160.1,22,0,2618,19.8,employed,57,female,1.1,standard
164,100200,579,10.52,purchase,services,ES,Madrid,tablet,0,441,17250.0,-1282.16,19,1251.11,wallet,13,0,40.39728,-3.67307,13.6,4,1,1239,12.8,employed,29,female,2.7,basic
165,100488,711,25.71,transfer,grocery,CL,Santiago,mobile,1,596,27863.89,22651.82,25,650.2,card,12,0,-33.44932,-70.68237,13.8,4,0,355,36.3,self_employed,65,female,2.47,standard
166,100426,744,25.86,withdrawal,utilities,MX,Mexico City,desktop,0,523,91536.35,15881.52,26,5000.0,card,2,4,19.42813,-99.12334,21.7,19,0,7421,31.5,employed,32,male,2.4,vip
167,100006,350,9.34,purchase,grocery,MX,Mexico City,desktop,0,454,24195.37,2967.03,21,1971.07,card,16,4,19.41735,-99.16175,25.7,5,0,2197,11.4,unemployed,26,female,0.66,basic
168,100147,299,11.51,purchase,travel,PE,Lima,mobile,0,472,18491.27,-4000.56,13,2553.2,card,11,4,-12.02303,-77.03226,10.1,13,0,2274,19.0,employed,26,female,1.7,basic
169,100175,1101,11.53,purchase,services,ES,Madrid,mobile,0,434,33292.39,-3344.37,33,2962.54,card,15,5,40.4332,-3.70265,17.5,10,0,2789,19.0,retired,25,male,2.9,standard
170,100356,209,109.62,purchase,grocery,PE,Lima,mobile,1,480,48798.99,-2592.0,8,5000.0,bank_transfer,16,6,-12.06627,-77.04647,10.0,17,0,5916,100.0,retired,29,female,0.51,premium
171,100203,119,9.9,purchase,grocery,CO,Bogota,mobile,0,486,12750.0,-5000.0,2,1849.81,card,18,3,4.69759,-74.0714,97.4,11,0,956,17.0,student,51,female,1.01,basic
172,100498,226,11.68,purchase,services,PE,Lima,mobile,1,407,27980.62,13951.46,7,901.0,bank_transfer,19,0,-12.04311,-77.0534,33.4,7,0,1278,19.2,student,29,male,0.06,standard
173,100263,1356,18.23,purchase,grocery,PE,Lima,mobile,0,564,25790.18,-3250.14,46,2244.42,card,16,0,-12.04633,-77.03612,25.9,11,0,2238,27.2,employed,42,female,3.08,basic
174,100179,305,11.24,purchase,services,ES,Madrid,mobile,1,550,26777.33,-5000.0,9,3644.28,card,11,3,40.41415,-3.68476,15.0,16,1,3132,18.7,employed,52,male,0.81,standard
175,100437,1009,18.51,purchase,fashion,US,Miami,mobile,0,508,24428.04,9018.24,24,3310.36,card,23,1,25.75147,-80.16867,16.1,16,0,4250,27.5,employed,49,male,2.9,basic
176,100352,221,18.23,purchase,health,PE,Lima,mobile,0,502,47714.78,46682.45,6,2902.75,bank_transfer,17,4,-12.01153,-77.0289,13.0,8,0,2578,27.2,employed,20,male,0.51,premium
177,100372,996,13.5,purchase,utilities,CL,Santiago,mobile,0,540,43204.99,32564.93,39,4367.63,bank_transfer,18,4,-33.44345,-70.66413,18.7,19,0,3101,21.4,self_employed,57,male,2.91,standard
178,100285,391,25.12,purchase,grocery,US,Miami,mobile,0,517,97514.8,11880.91,16,5000.0,card,13,2,25.74174,-80.20237,32.3,20,0,3602,35.6,self_employed,22,female,0.96,vip
179,100221,280,8.12,purchase,fashion,AR,Buenos Aires,mobile,0,420,23489.4,11312.92,13,2901.97,wallet,23,0,-34.59731,-58.37128,21.0,19,0,2853,14.9,employed,26,female,0.45,basic
180,100260,166,54.22,purchase,fashion,CO,Bogota,mobile,0,445,70720.27,20629.54,5,5000.0,wallet,13,3,4.6982,-74.05821,14.3,24,0,4855,71.0,unemployed,29,female,0.0,premium
181,100165,138,11.41,purchase,grocery,PE,Lima,mobile,0,582,31371.17,-5000.0,4,3515.61,card,17,4,-12.03606,-77.04101,13.1,22,0,3836,18.9,student,60,male,0.82,standard
182,100435,108,16.11,purchase,electronics,CL,Santiago,mobile,0,602,44339.17,-5000.0,6,4962.58,bank_transfer,9,6,-33.45508,-70.6712,46.9,21,0,5491,24.6,employed,61,female,0.8,premium
183,100275,1360,19.26,purchase,electronics,ES,Madrid,mobile,0,556,26666.83,-5000.0,26,1849.81,wallet,19,5,40.40858,-3.7081,17.5,8,0,1006,28.4,employed,30,male,3.41,standard
184,100236,2576,26.94,purchase,health,MX,Mexico City,mobile,0,473,52802.41,12499.98,83,4962.13,card,16,6,19.44579,-99.14501,100.4,16,0,4446,37.8,employed,22,male,4.0,premium
185,100038,725,26.01,withdrawal,utilities,MX,Mexico City,desktop,1,522,89469.67,58019.32,27,5000.0,wallet,10,4,19.43254,-99.09544,14.5,20,0,5823,31.6,employed,26,male,2.19,vip
186,100389,1564,8.0,transfer,grocery,AR,Buenos Aires,tablet,0,512,25675.88,22137.81,51,1350.2,wallet,15,5,-34.60584,-58.36328,41.3,7,1,1115,9.7,employed,54,male,3.26,basic
187,100192,1064,16.12,purchase,grocery,MX,Mexico City,mobile,0,463,57411.66,43592.35,35,3747.67,bank_transfer,21,3,19.42908,-99.15591,22.0,17,0,3923,24.6,student,36,female,3.44,premium
188,100477,370,11.86,purchase,travel,US,Miami,mobile,1,536,31095.67,21984.56,12,2868.4,bank_transfer,23,3,25.72764,-80.20194,24.5,19,0,2239,19.4,self_employed,51,male,0.69,standard
189,100012,179,15.93,purchase,utilities,AR,Buenos Aires,desktop,1,530,32458.17,3591.55,3,1671.9,card,12,1,-34.6055,-58.38473,14.2,6,0,2137,19.4,employed,60,male,0.29,standard
190,100429,314,17.97,transfer,fashion,US,Miami,mobile,0,463,48264.45,34253.88,11,3844.15,bank_transfer,10,5,25.7574,-80.18554,66.8,22,0,3390,26.9,employed,27,female,0.48,premium
191,100284,2253,12.55,purchase,grocery,PE,Lima,mobile,0,487,30233.9,-5000.0,70,2625.63,card,22,3,-12.01162,-77.03674,32.7,13,0,2953,20.3,student,34,male,6.2,standard
192,100030,1552,41.12,payment,grocery,MX,Mexico City,mobile,1,528,39480.58,29866.09,52,1651.02,card,9,5,19.46523,-99.12338,22.2,7,0,1897,55.0,employed,52,female,4.63,standard
193,100144,1892,20.07,purchase,health,ES,Madrid,mobile,0,489,25224.01,24816.56,75,1291.1,wallet,16,0,40.39405,-3.69262,30.8,16,0,1688,29.4,retired,30,female,5.07,basic
194,100364,1791,23.22,transfer,grocery,ES,Madrid,mobile,1,518,127348.06,-5000.0,64,5000.0,card,14,4,40.43996,-3.72818,51.7,25,0,5605,33.3,employed,36,female,4.52,vip
195,100202,268,23.28,purchase,grocery,CO,Bogota,tablet,0,462,45562.25,37778.18,12,5000.0,card,20,3,4.69469,-74.03957,30.9,22,0,7486,28.3,employed,26,female,1.5,premium
196,100157,681,8.96,withdrawal,fashion,PE,Lima,desktop,0,632,22937.13,-1069.09,28,728.2,cash,16,3,-12.04462,-77.0513,27.8,7,0,441,18.9,employed,62,male,1.89,basic
197,100282,314,8.07,payment,grocery,US,Miami,mobile,1,483,21348.31,14727.23,9,1107.15,card,12,3,25.7905,-80.17421,14.4,5,0,1612,14.8,employed,24,female,0.98,basic
198,100242,1119,11.83,purchase,fashion,PE,Lima,mobile,1,569,35558.77,-5000.0,50,4042.58,card,14,0,-12.05126,-77.02165,26.0,17,0,3398,19.4,employed,51,male,3.54,standard
199,100452,616,22.95,purchase,electronics,MX,Mexico City,mobile,0,485,72156.7,78035.27,21,5000.0,card,15,4,19.44669,-99.16396,10.0,17,1,4347,32.9,retired,28,male,1.85,vip
200,100412,270,42.16,purchase,utilities,ES,Madrid,mobile,1,477,171778.62,8583.37,16,5000.0,wallet,21,3,40.41786,-3.6752,14.6,16,0,4920,56.3,employed,25,female,0.35,vip
201,100347,1463,16.22,purchase,services,CO,Bogota,mobile,0,542,70467.33,74044.1,62,5000.0,card,17,0,4.75021,-74.07937,19.9,34,0,5657,24.7,employed,33,male,4.55,premium
202,100494,1496,8.13,purchase,grocery,CO,Bogota,mobile,0,490,23168.04,6669.74,56,1483.8,card,11,5,4.70014,-74.0843,10.0,5,0,1683,14.9,self_employed,33,male,3.43,basic
203,100081,276,11.59,purchase,fashion,PE,Lima,mobile,0,592,25107.75,-5000.0,10,3273.09,cash,9,3,-12.0931,-77.05036,19.6,14,0,4184,27.1,employed,61,female,0.35,basic
204,100105,286,22.85,transfer,travel,MX,Mexico City,mobile,0,430,21740.23,-1354.64,9,1881.64,cash,13,2,19.38374,-99.1151,18.1,8,1,1590,40.8,employed,23,female,0.82,basic
205,100405,395,8.02,purchase,fashion,AR,Buenos Aires,mobile,0,517,25289.38,8734.93,15,2390.11,card,23,6,-34.61338,-58.39841,29.8,10,1,1497,14.8,employed,54,female,1.63,basic
206,100227,1666,13.49,payment,fashion,PE,Lima,mobile,0,392,17250.0,-5000.0,58,1396.01,cash,12,2,-12.0489,-77.02104,10.0,6,1,1638,29.4,employed,19,female,1.0,basic
207,100037,1223,19.22,purchase,grocery,MX,Mexico City,mobile,0,568,62004.69,52471.99,34,5000.0,wallet,23,0,19.39909,-99.15452,15.1,11,0,3170,28.4,self_employed,64,male,2.48,premium
208,100019,324,10.05,purchase,utilities,MX,Mexico City,desktop,0,429,21972.29,3498.74,12,1551.66,bank_transfer,23,0,19.41492,-99.10895,54.3,6,0,1150,12.2,student,24,female,1.41,basic
209,100029,177,26.55,payment,fashion,CL,Santiago,desktop,0,479,116361.82,22041.66,5,5000.0,card,15,6,-33.44367,-70.62902,40.4,19,0,7131,32.3,employed,37,male,0.74,vip
210,100078,541,23.61,purchase,fashion,AR,Buenos Aires,mobile,1,523,52389.82,8222.69,28,5000.0,wallet,12,2,-34.6006,-58.37651,23.7,20,0,4203,33.7,employed,28,female,1.25,premium
211,100449,446,16.88,transfer,grocery,CL,Santiago,mobile,0,541,62279.65,-377.58,15,3274.73,wallet,13,1,-33.45808,-70.68909,38.4,21,0,2612,25.5,employed,60,male,0.77,premium
212,100216,324,8.4,purchase,grocery,CO,Bogota,mobile,0,559,17250.0,10756.21,8,2101.84,card,12,3,4.72043,-74.05677,15.4,12,0,1654,15.2,employed,35,female,0.82,basic
213,100388,986,9.43,purchase,utilities,AR,Buenos Aires,mobile,0,407,19294.46,19067.68,39,1610.32,wallet,13,6,-34.61105,-58.36815,10.4,9,1,1882,16.5,retired,29,female,2.98,basic
214,100464,619,8.32,payment,utilities,CL,Santiago,desktop,1,499,21385.1,3596.88,22,1686.57,cash,7,6,-33.44668,-70.69338,36.8,10,0,2228,18.1,employed,32,male,2.03,basic
215,100071,437,18.27,purchase,health,AR,Buenos Aires,mobile,0,455,10500.0,-4056.38,18,999.85,bank_transfer,16,6,-34.64642,-58.40878,43.3,7,1,514,27.2,retired,31,male,1.11,basic
216,100094,626,107.58,purchase,fashion,CO,Bogota,mobile,1,562,62468.47,62896.51,22,5000.0,bank_transfer,14,1,4.7177,-74.084,19.4,20,0,4371,100.0,self_employed,54,male,2.12,premium
217,100492,371,41.98,purchase,utilities,AR,Buenos Aires,mobile,1,444,26333.73,23579.62,8,1543.39,card,17,6,-34.59581,-58.3709,16.3,10,0,2261,56.1,retired,31,female,0.15,standard
218,100485,700,10.81,payment,utilities,MX,Mexico City,mobile,1,567,13177.03,7756.4,29,826.81,cash,21,3,19.454,-99.11781,33.1,5,1,563,26.2,student,76,male,2.18,basic
219,100035,2563,41.61,transfer,services,CL,Santiago,mobile,0,582,85851.61,80544.91,100,5000.0,card,18,1,-33.48671,-70.68135,21.0,13,0,4165,55.6,employed,56,male,6.61,vip
220,100128,663,67.52,purchase,utilities,CL,Santiago,mobile,0,567,58631.8,46645.79,24,2611.71,cash,9,1,-33.4604,-70.66336,30.3,13,0,3538,95.2,employed,56,male,1.28,premium
221,100074,200,13.12,withdrawal,services,ES,Madrid,mobile,0,539,21701.08,6178.57,4,2621.62,bank_transfer,16,2,40.39394,-3.65791,26.2,10,0,2114,21.0,unemployed,63,male,0.19,basic
222,100217,142,44.64,purchase,travel,AR,Buenos Aires,mobile,1,550,56715.03,-5000.0,1,4619.49,card,23,0,-34.59271,-58.38722,51.2,19,0,4740,59.3,employed,59,female,0.06,premium
223,100053,964,11.81,purchase,services,MX,Mexico City,mobile,0,594,33715.54,35953.52,36,1094.48,card,18,6,19.46223,-99.115,24.0,8,0,1618,19.4,student,66,female,2.57,standard
224,100022,1672,35.94,purchase,services,PE,Lima,mobile,1,576,32419.24,22135.95,52,3580.34,card,19,5,-12.0643,-77.04861,15.6,18,0,2462,48.7,self_employed,60,male,5.04,standard
225,100173,581,11.8,payment,fashion,US,Miami,mobile,0,557,27975.62,23129.14,14,1025.38,card,15,5,25.74015,-80.16679,18.0,6,0,1177,19.4,employed,64,female,2.38,standard
226,100145,81,16.38,purchase,electronics,CL,Santiago,mobile,0,559,45540.69,-5000.0,3,4916.87,card,15,4,-33.46369,-70.6562,25.3,17,0,5078,24.9,student,62,female,0.0,premium
227,100428,195,78.74,transfer,electronics,CL,Santiago,desktop,1,509,49894.66,16162.57,4,3499.01,card,13,3,-33.41613,-70.66096,31.3,12,1,2698,95.8,employed,63,male,0.37,premium
228,100407,201,47.97,purchase,utilities,MX,Mexico City,mobile,1,601,13512.51,11373.65,9,1349.0,card,3,1,19.44114,-99.0739,10.0,5,0,1466,63.4,student,58,female,0.65,basic
229,100166,911,16.74,purchase,grocery,AR,Buenos Aires,mobile,0,429,69117.66,72240.61,32,3480.4,card,20,1,-34.61129,-58.35879,21.4,23,0,2504,25.4,self_employed,27,female,3.36,premium
230,100454,2738,9.89,transfer,grocery,AR,Buenos Aires,desktop,0,374,15439.63,10792.26,83,1545.64,card,16,3,-34.62067,-58.37356,20.3,8,0,1253,12.0,unemployed,18,female,0.0,basic
231,100163,165,16.48,purchase,utilities,ES,Madrid,tablet,0,628,31066.21,20167.77,6,997.97,bank_transfer,14,5,40.4317,-3.71492,19.9,5,0,1001,20.1,employed,63,female,0.62,standard
232,100404,224,34.28,payment,health,ES,Madrid,desktop,1,524,66391.02,-5000.0,14,5000.0,bank_transfer,17,4,40.4285,-3.65625,25.5,30,0,5918,41.7,employed,29,male,0.91,premium
233,100090,847,13.25,purchase,travel,CL,Santiago,desktop,0,501,38285.02,-4725.18,32,5000.0,card,17,0,-33.42757,-70.6517,13.4,13,0,4305,16.1,employed,28,male,2.43,standard
234,100396,624,43.09,purchase,fashion,MX,Mexico City,mobile,0,516,68316.31,58842.46,25,3710.23,bank_transfer,22,0,19.40573,-99.11552,16.6,27,0,4564,57.4,employed,24,male,2.14,premium
235,100210,83,23.41,purchase,health,MX,Mexico City,tablet,0,488,119576.27,120813.01,3,5000.0,card,17,6,19.46747,-99.11909,15.4,18,0,4818,28.5,employed,25,female,0.16,vip
236,100442,518,11.15,transfer,services,ES,Madrid,mobile,1,464,28045.84,16305.02,14,3932.27,card,19,1,40.39141,-3.7134,10.0,19,0,5815,18.6,employed,26,female,1.6,standard
237,100495,1207,13.54,transfer,utilities,AR,Buenos Aires,tablet,0,472,35660.88,17265.96,50,1766.15,card,23,5,-34.61536,-58.3871,14.5,11,0,2001,16.5,retired,24,female,4.04,standard
238,100417,173,21.61,transfer,electronics,CL,Santiago,mobile,0,486,67552.42,38960.6,10,5000.0,card,12,6,-33.43497,-70.63849,38.1,14,0,4294,31.3,employed,25,female,0.0,premium
239,100273,806,60.54,refund,fashion,CL,Santiago,mobile,1,588,90298.67,-2183.6,28,5000.0,cash,13,5,-33.42298,-70.65324,29.9,13,0,3433,86.7,self_employed,65,male,2.12,vip
240,100481,276,26.97,payment,utilities,ES,Madrid,desktop,0,475,33237.49,21988.42,8,1755.85,card,20,4,40.39133,-3.7193,33.2,12,0,1834,32.8,unemployed,32,female,0.84,standard
241,100397,779,13.8,purchase,grocery,MX,Mexico City,mobile,1,417,27730.99,8186.79,17,2647.51,card,11,4,19.4337,-99.15815,44.0,10,1,2163,21.8,self_employed,33,male,2.21,standard
242,100004,738,17.77,purchase,services,AR,Buenos Aires,mobile,0,476,17968.19,-118.04,21,1929.94,card,11,0,-34.55627,-58.3862,18.0,9,0,1000,26.6,employed,33,female,2.3,basic
243,100258,895,17.19,purchase,fashion,MX,Mexico City,mobile,0,528,68119.41,-5000.0,36,5000.0,wallet,19,5,19.45588,-99.13842,25.2,19,0,4807,25.9,self_employed,61,male,2.3,premium
244,100218,456,17.6,withdrawal,grocery,CO,Bogota,desktop,0,594,54100.5,-5000.0,18,5000.0,card,19,5,4.70521,-74.05685,29.4,18,0,3287,21.4,unemployed,54,female,0.82,premium
245,100239,884,21.31,purchase,utilities,MX,Mexico City,mobile,0,599,72035.67,21935.78,30,5000.0,card,11,6,19.40789,-99.13421,26.7,17,0,5280,30.9,employed,64,female,2.93,premium
246,100235,883,16.32,purchase,health,AR,Buenos Aires,mobile,0,536,60115.33,19095.09,35,5000.0,card,11,0,-34.58718,-58.37275,107.6,20,0,5638,24.9,employed,43,male,2.26,premium
247,100462,156,14.08,purchase,grocery,US,Miami,mobile,0,452,23562.25,-5000.0,3,2428.29,card,14,2,25.7659,-80.24298,10.0,10,0,1420,22.1,employed,28,female,0.24,basic
248,100248,386,14.95,purchase,utilities,CO,Bogota,mobile,0,550,42956.44,-5000.0,9,5000.0,card,6,6,4.72017,-74.07447,13.7,13,0,5925,23.2,retired,60,female,1.68,standard
249,100473,430,8.51,transfer,utilities,PE,Lima,desktop,0,414,18750.0,6700.39,13,2368.98,cash,14,0,-12.03743,-77.04416,22.8,9,0,2497,18.4,self_employed,28,female,1.07,basic
250,100127,302,21.3,purchase,services,US,Miami,mobile,0,509,47364.46,26784.76,14,5000.0,card,13,1,25.75452,-80.21208,32.7,17,0,7314,30.9,student,29,female,0.74,premium
251,100423,576,10.53,withdrawal,utilities,CO,Bogota,mobile,0,443,25368.84,14072.2,20,2351.41,wallet,18,0,4.7156,-74.05832,34.8,5,0,3453,17.8,self_employed,21,female,1.4,basic
252,100177,239,12.03,withdrawal,utilities,CL,Santiago,tablet,0,513,24486.93,4381.13,12,1277.14,bank_transfer,16,2,-33.46073,-70.68421,14.6,8,0,809,14.6,self_employed,30,male,1.11,basic
253,100143,859,8.19,purchase,grocery,ES,Madrid,desktop,0,559,19139.53,12437.71,28,2567.95,card,9,0,40.4232,-3.68302,20.1,10,1,2053,10.0,employed,63,male,2.47,basic
254,100484,298,9.62,purchase,electronics,CL,Santiago,desktop,0,473,12750.0,-1137.59,8,1376.99,wallet,15,0,-33.49265,-70.7147,24.6,5,0,1743,11.7,student,33,female,1.3,basic
255,100152,531,30.91,purchase,utilities,MX,Mexico City,mobile,0,515,69034.67,58888.65,17,5000.0,card,14,0,19.48606,-99.10236,29.8,20,1,3307,42.6,employed,27,female,0.77,premium
256,100326,874,8.08,purchase,grocery,PE,Lima,mobile,0,536,14659.87,10020.36,34,916.8,bank_transfer,12,0,-12.04645,-77.02299,19.6,7,0,1121,14.8,student,64,female,2.16,basic
257,100240,170,24.04,purchase,fashion,AR,Buenos Aires,mobile,0,528,49765.73,3815.44,11,5000.0,card,20,6,-34.60052,-58.41622,45.3,19,0,2620,34.3,employed,26,female,0.36,premium
258,100080,130,26.0,purchase,health,CL,Santiago,mobile,0,466,95881.57,24309.4,4,5000.0,bank_transfer,20,2,-33.45897,-70.68278,19.1,11,0,3531,36.6,employed,27,male,0.95,vip
259,100117,385,12.55,purchase,travel,US,Miami,mobile,0,520,22350.8,15477.14,13,964.24,card,13,4,25.79437,-80.20921,46.6,4,1,1236,20.3,employed,30,female,0.73,basic
260,100023,1278,18.37,purchase,health,CO,Bogota,mobile,0,569,59463.32,8211.72,51,2826.08,cash,20,0,4.72509,-74.05302,62.4,11,0,2531,35.4,employed,68,male,3.25,premium
261,100443,528,20.43,purchase,services,AR,Buenos Aires,mobile,0,593,22458.56,9422.17,17,1184.44,cash,10,1,-34.60218,-58.35189,23.5,12,1,1044,37.9,employed,56,female,1.89,basic
262,100422,311,9.23,purchase,health,CO,Bogota,mobile,0,524,18748.4,7769.91,12,1610.96,card,10,6,4.74209,-74.05921,14.1,15,1,1733,16.2,retired,33,male,0.44,basic
263,100333,444,16.91,withdrawal,utilities,PE,Lima,mobile,0,535,24502.36,10186.95,13,2953.06,card,9,6,-12.05649,-77.02374,37.8,12,1,3565,25.6,employed,45,male,1.13,basic
264,100061,1632,8.63,purchase,health,AR,Buenos Aires,mobile,0,518,20615.59,-5000.0,45,2920.7,bank_transfer,20,3,-34.6144,-58.38972,10.0,19,0,3692,15.5,unemployed,59,male,4.22,basic
265,100108,247,53.19,purchase,travel,CL,Santiago,mobile,0,474,35931.3,-228.27,12,1205.57,bank_transfer,12,3,-33.45502,-70.68944,134.1,7,1,1342,69.7,retired,22,male,0.53,standard
266,100468,986,13.17,withdrawal,fashion,PE,Lima,desktop,1,560,44208.46,-5000.0,24,5000.0,card,23,0,-12.03509,-77.05915,15.9,25,0,5786,16.0,employed,65,female,2.85,standard
267,100044,657,10.59,transfer,grocery,CO,Bogota,desktop,0,513,14392.87,9057.71,20,869.11,card,19,2,4.713,-74.06593,32.1,6,0,1259,12.9,student,54,male,1.06,basic
268,100089,553,16.55,transfer,electronics,MX,Mexico City,mobile,0,479,20459.31,16274.39,22,1464.88,wallet,11,4,19.38154,-99.14346,10.0,7,0,1868,25.1,employed,32,female,1.48,basic
269,100232,1970,22.71,purchase,electronics,CO,Bogota,mobile,1,562,88134.18,5797.58,78,5000.0,card,14,6,4.69751,-74.06832,58.8,22,0,7381,32.6,employed,61,male,6.22,vip
270,100441,1811,8.54,purchase,electronics,CO,Bogota,desktop,0,549,17374.29,3339.77,54,2007.08,card,11,3,4.68986,-74.07844,16.7,15,0,1365,10.4,employed,72,male,4.63,basic
271,100444,649,25.95,purchase,electronics,CL,Santiago,mobile,0,480,94259.69,36384.78,27,4076.97,wallet,18,4,-33.45286,-70.63736,46.2,20,0,3982,36.6,employed,29,male,1.09,vip
272,100298,360,13.4,transfer,utilities,CO,Bogota,desktop,0,460,29408.99,-5000.0,7,1823.72,card,8,3,4.72701,-74.06359,18.4,14,0,2121,16.3,self_employed,26,female,0.67,standard
273,100220,751,21.44,purchase,health,AR,Buenos Aires,tablet,0,478,31735.55,-5000.0,29,2473.91,bank_transfer,14,5,-34.61711,-58.36405,12.2,9,0,1493,26.1,student,25,male,2.41,standard
274,100167,802,12.18,transfer,utilities,CO,Bogota,mobile,0,414,34872.66,-5000.0,27,3279.54,cash,9,3,4.70079,-74.06826,40.3,17,0,2912,27.8,student,24,male,1.83,standard
275,100487,1120,21.39,transfer,utilities,US,Miami,mobile,1,494,32048.15,532.85,39,4067.89,cash,22,2,25.75677,-80.18254,14.7,15,0,5616,39.0,employed,30,female,3.55,standard
276,100007,1139,18.72,purchase,services,ES,Madrid,mobile,0,629,42130.5,25848.72,40,3601.11,card,11,2,40.37266,-3.73227,10.0,14,0,5132,27.8,student,56,female,3.42,standard
277,100115,483,21.66,purchase,utilities,CO,Bogota,mobile,0,487,36550.87,-3327.75,14,1683.52,card,17,0,4.68453,-74.10493,43.8,11,0,1774,31.4,employed,29,male,1.59,standard
278,100399,596,16.5,purchase,fashion,US,Miami,mobile,0,505,19061.32,2376.18,11,1151.55,card,21,5,25.74046,-80.26321,68.7,3,1,1409,25.1,student,57,female,0.87,basic
279,100245,829,13.76,purchase,grocery,ES,Madrid,mobile,0,469,16421.19,-5000.0,23,1706.98,card,18,6,40.44779,-3.67543,29.0,8,0,1469,21.7,retired,29,male,2.14,basic
280,100136,122,11.92,purchase,grocery,CL,Santiago,mobile,0,507,37938.53,1478.18,2,2090.39,wallet,13,4,-33.4185,-70.66722,27.1,8,0,1564,19.5,self_employed,55,male,0.94,standard
281,100446,1257,28.5,purchase,grocery,MX,Mexico City,mobile,0,505,74068.96,50041.49,51,3588.41,card,19,5,19.44554,-99.09819,10.2,16,1,2460,39.7,unemployed,44,female,2.54,vip
282,100297,724,20.27,transfer,health,US,Miami,desktop,0,509,42166.41,15393.92,22,2439.3,card,23,0,25.76427,-80.1989,45.2,11,0,1839,24.7,employed,28,male,1.92,standard
283,100415,92,12.2,purchase,utilities,PE,Lima,mobile,0,464,32413.76,-181.2,2,2444.69,bank_transfer,20,5,-12.05035,-77.04489,22.0,14,0,3116,19.8,self_employed,19,male,0.0,standard
284,100496,253,15.6,purchase,utilities,CO,Bogota,desktop,0,638,15712.55,2000.67,10,935.99,bank_transfer,14,5,4.72918,-74.03893,17.4,5,1,749,19.0,student,70,female,1.38,basic
285,100413,772,17.4,purchase,health,MX,Mexico City,mobile,0,492,40822.04,-5000.0,32,4734.56,card,15,6,19.40807,-99.1439,12.2,31,0,2971,26.2,employed,62,male,1.62,standard
286,100219,850,20.41,transfer,health,PE,Lima,mobile,0,534,31013.12,7559.77,26,3871.45,bank_transfer,23,3,-12.02082,-77.04065,10.3,19,0,5683,29.8,employed,56,female,2.34,standard
287,100279,599,8.36,purchase,fashion,US,Miami,tablet,0,494,17250.0,17866.05,20,439.69,card,14,1,25.74344,-80.18777,28.5,3,1,638,10.2,employed,30,male,1.87,basic
288,100288,117,15.21,purchase,services,AR,Buenos Aires,mobile,0,494,41000.07,17820.51,4,3269.29,card,16,0,-34.60303,-58.39398,15.4,16,0,4477,23.5,student,22,female,0.13,standard
289,100403,1084,27.37,purchase,services,US,Miami,mobile,0,525,64006.15,21219.26,37,3548.64,bank_transfer,22,5,25.78876,-80.20296,34.7,14,0,4446,38.3,employed,55,male,2.61,premium
290,100228,721,15.15,transfer,travel,CO,Bogota,mobile,0,523,41386.43,-3212.02,32,2927.1,cash,15,4,4.6843,-74.05847,19.0,10,0,2360,31.4,student,63,male,2.23,standard
291,100010,682,22.89,purchase,electronics,CL,Santiago,mobile,1,550,114417.02,97933.18,34,5000.0,card,12,2,-33.47702,-70.63382,34.7,19,0,4410,32.9,employed,31,male,2.32,vip
292,100028,482,51.7,withdrawal,electronics,ES,Madrid,mobile,1,477,56933.76,3831.09,8,1634.58,bank_transfer,15,4,40.41214,-3.67959,23.3,6,0,2375,67.9,self_employed,35,female,1.68,premium
293,100335,781,16.43,purchase,fashion,CL,Santiago,mobile,0,508,35336.76,-5000.0,29,3637.94,card,13,5,-33.44727,-70.6988,19.6,17,1,3780,25.0,employed,37,male,1.97,standard
294,100207,628,14.6,purchase,electronics,CL,Santiago,mobile,1,396,34539.28,7423.27,22,5000.0,wallet,13,5,-33.45967,-70.67822,30.1,25,1,5030,22.8,retired,20,male,2.0,standard
295,100124,263,19.05,purchase,grocery,AR,Buenos Aires,desktop,0,493,66093.73,-5000.0,11,5000.0,card,16,3,-34.58003,-58.40235,13.4,17,0,7355,23.2,employed,28,female,0.84,premium
296,100069,2165,12.34,transfer,grocery,PE,Lima,mobile,0,544,39860.06,3791.39,78,5000.0,card,15,2,-12.02825,-77.01387,10.0,23,1,5895,20.0,employed,59,male,6.16,standard
297,100161,420,21.3,withdrawal,utilities,CO,Bogota,desktop,0,565,48548.64,-5000.0,12,5000.0,card,11,6,4.71164,-74.03687,16.6,17,0,4596,25.9,employed,61,female,0.8,premium
298,100194,943,11.26,payment,utilities,CO,Bogota,tablet,0,422,29105.19,16648.86,36,1920.2,card,13,3,4.706,-74.07209,48.2,12,0,2413,13.7,student,30,male,2.64,standard
299,100137,2020,68.2,purchase,services,CL,Santiago,desktop,1,495,89415.06,95404.01,71,5000.0,card,22,2,-33.46506,-70.69628,14.4,21,0,4650,83.0,employed,28,female,5.42,vip
300,100457,673,17.27,transfer,grocery,CO,Bogota,mobile,1,532,51560.35,5655.9,20,5000.0,card,8,0,4.73116,-74.0721,13.9,26,0,4141,26.0,retired,52,male,1.57,premium
301,100112,1434,9.31,purchase,grocery,US,Miami,mobile,0,537,22520.48,-5000.0,45,1824.85,card,11,3,25.78192,-80.18741,16.6,7,0,1626,16.3,retired,67,male,3.51,basic
302,100100,209,22.17,transfer,fashion,CO,Bogota,mobile,1,613,27273.92,-5000.0,14,1685.41,bank_transfer,12,0,4.71098,-74.03776,17.1,5,0,2522,32.0,employed,70,male,1.28,standard
303,100439,542,39.77,purchase,grocery,CL,Santiago,desktop,0,450,39802.59,26327.88,20,5000.0,card,14,5,-33.44446,-70.62597,35.6,23,0,6635,48.4,employed,27,male,1.75,standard
304,100386,1518,10.7,transfer,health,PE,Lima,mobile,1,541,10500.0,6284.29,53,275.38,bank_transfer,23,4,-12.07114,-77.06315,33.1,2,0,238,18.0,retired,67,non_binary,3.82,basic
305,100393,1188,27.26,purchase,grocery,MX,Mexico City,mobile,0,500,47448.89,44564.06,57,3398.35,bank_transfer,14,1,19.47873,-99.12353,28.3,18,0,4835,38.2,unemployed,32,female,4.11,premium
306,100110,532,48.37,purchase,travel,AR,Buenos Aires,mobile,1,479,68429.65,16283.14,22,5000.0,bank_transfer,15,1,-34.59052,-58.37039,62.9,20,0,6655,63.9,employed,31,female,1.34,premium
307,100283,423,11.26,purchase,services,CL,Santiago,tablet,1,491,25938.77,7958.59,14,963.74,bank_transfer,9,1,-33.41503,-70.68857,24.0,5,0,1252,13.7,self_employed,26,male,0.67,standard
308,100281,749,16.02,transfer,electronics,US,Miami,desktop,0,569,66949.87,22012.53,19,1743.81,card,23,5,25.77319,-80.16364,69.2,14,0,1245,19.5,employed,45,female,2.29,premium
309,100187,442,20.85,purchase,grocery,CL,Santiago,mobile,0,590,37148.13,15899.02,16,2390.56,card,22,5,-33.49332,-70.66707,15.1,13,0,3314,30.4,employed,62,male,0.79,standard
310,100122,683,28.73,purchase,utilities,MX,Mexico City,tablet,0,440,128683.91,124329.32,22,3891.74,card,14,2,19.44048,-99.11334,29.0,25,0,3845,35.0,self_employed,29,male,1.47,vip
311,100318,1462,36.07,payment,electronics,CO,Bogota,mobile,1,469,153315.15,114782.36,48,5000.0,card,21,4,4.73663,-74.083,38.3,17,0,4450,48.9,employed,19,female,1.0,vip
312,100092,518,13.44,refund,grocery,MX,Mexico City,mobile,0,596,27442.18,10126.55,19,2749.46,card,10,0,19.41352,-99.1433,12.1,11,0,3151,21.4,unemployed,65,female,1.43,standard
313,100398,297,8.47,payment,electronics,US,Miami,mobile,1,387,11067.24,-5000.0,10,1394.1,card,20,1,25.75347,-80.17763,15.6,4,0,1106,15.3,retired,26,female,1.44,basic
314,100195,751,16.39,purchase,utilities,US,Miami,mobile,0,493,62641.28,28361.41,19,5000.0,card,23,1,25.75856,-80.20512,34.8,22,0,6612,24.9,unemployed,33,male,2.05,premium
315,100062,1884,56.13,transfer,grocery,CL,Santiago,mobile,0,604,121005.51,31503.92,70,2884.25,cash,17,6,-33.43572,-70.66438,10.1,13,0,3524,81.3,self_employed,66,female,5.31,vip
316,100482,424,32.51,withdrawal,grocery,MX,Mexico City,desktop,0,408,47642.44,29335.5,17,4643.94,bank_transfer,20,3,19.42039,-99.08702,24.2,14,1,5863,39.6,student,18,male,0.0,premium
317,100174,631,21.38,withdrawal,grocery,AR,Buenos Aires,mobile,0,475,31576.37,-5000.0,20,4031.94,bank_transfer,12,0,-34.63881,-58.36487,19.9,21,0,2443,31.0,unemployed,26,male,1.5,standard
318,100408,580,24.44,transfer,grocery,CL,Santiago,mobile,0,464,84556.32,13939.4,17,5000.0,card,17,6,-33.44737,-70.69516,54.2,23,0,2588,34.7,self_employed,31,male,1.45,vip
319,100045,1174,32.55,purchase,grocery,CL,Santiago,mobile,0,562,22429.51,-230.18,36,895.89,card,19,3,-33.48518,-70.62894,41.3,9,0,920,44.6,employed,46,female,2.47,basic
320,100302,1031,51.78,purchase,fashion,CO,Bogota,mobile,0,497,76688.54,74814.86,37,5000.0,cash,15,1,4.73124,-74.1035,36.7,29,0,6586,76.0,employed,23,non_binary,2.65,vip
321,100433,358,14.54,purchase,utilities,MX,Mexico City,mobile,0,531,28341.35,4510.5,5,1253.62,bank_transfer,13,4,19.42904,-99.13921,25.0,10,0,1228,22.7,employed,62,female,1.24,standard
322,100130,309,40.17,purchase,electronics,PE,Lima,mobile,0,468,37659.81,-5000.0,6,5000.0,card,20,1,-12.02819,-77.06224,27.5,20,0,2684,53.9,employed,22,male,0.98,standard
323,100050,195,36.95,withdrawal,utilities,ES,Madrid,mobile,0,629,85443.47,9983.34,6,5000.0,card,6,0,40.40325,-3.72959,13.6,20,0,2885,50.0,employed,70,male,0.24,vip
324,100097,842,22.17,withdrawal,utilities,ES,Madrid,desktop,1,513,83937.82,24653.47,36,5000.0,card,20,5,40.45887,-3.67068,10.0,21,0,3981,27.0,employed,31,female,2.53,vip
325,100197,354,44.74,purchase,fashion,MX,Mexico City,mobile,1,443,38538.79,-5000.0,13,3528.18,card,11,5,19.38277,-99.12604,15.0,24,0,4975,59.4,employed,32,male,0.02,standard
326,100215,1095,15.26,purchase,services,CL,Santiago,mobile,0,446,29399.84,15716.87,39,1104.24,bank_transfer,9,4,-33.4824,-70.63048,27.9,9,0,1554,23.6,employed,23,female,3.14,standard
327,100238,917,16.48,purchase,services,MX,Mexico City,mobile,0,425,45111.93,36775.86,30,5000.0,bank_transfer,15,6,19.43397,-99.13034,13.0,23,1,7235,25.1,employed,30,female,2.77,premium
328,100395,342,13.18,transfer,grocery,PE,Lima,mobile,0,514,27877.3,19379.38,10,3500.26,bank_transfer,7,6,-12.04738,-77.00452,145.7,16,0,2071,21.0,self_employed,52,male,1.28,standard
329,100493,1072,27.15,purchase,fashion,MX,Mexico City,tablet,0,525,88445.65,-597.65,37,5000.0,card,21,0,19.44505,-99.08487,10.0,26,0,5868,33.0,self_employed,46,male,2.46,vip
330,100436,1542,23.04,payment,grocery,US,Miami,desktop,0,447,28894.86,14535.82,51,2997.49,wallet,11,0,25.76038,-80.18413,15.5,17,0,2052,28.0,employed,22,male,4.0,standard
331,100063,282,11.13,transfer,travel,CO,Bogota,mobile,0,438,26052.21,3491.21,6,1264.97,cash,11,1,4.73176,-74.09226,29.9,6,0,1146,26.5,self_employed,24,female,0.77,standard
332,100345,657,24.3,transfer,fashion,PE,Lima,mobile,0,411,67640.23,67224.73,22,5000.0,card,12,0,-12.01944,-77.04451,10.0,17,0,7482,34.6,employed,22,male,1.29,premium
333,100169,245,27.38,withdrawal,electronics,CL,Santiago,mobile,1,493,30953.97,15357.07,7,968.46,card,6,5,-33.43876,-70.69313,12.9,3,0,1343,38.3,retired,31,female,1.3,standard
334,100247,1584,12.27,purchase,health,MX,Mexico City,mobile,0,480,22144.47,-923.14,55,2483.17,bank_transfer,10,1,19.43264,-99.14749,22.2,13,1,1476,19.9,unemployed,31,male,4.54,basic
335,100257,682,13.37,transfer,fashion,AR,Buenos Aires,mobile,0,459,31060.77,24051.76,25,3626.82,card,16,4,-34.57917,-58.3719,24.5,18,0,4812,21.3,employed,25,female,1.6,standard
336,100251,632,14.13,transfer,fashion,US,Miami,tablet,0,570,27409.88,4236.84,26,3065.91,card,7,3,25.74386,-80.19192,14.0,18,0,1992,17.2,student,60,male,2.04,standard
337,100269,254,22.98,payment,grocery,ES,Madrid,mobile,0,436,25407.68,-5000.0,3,3029.92,cash,19,1,40.40278,-3.70662,76.7,13,0,1517,41.0,employed,29,male,0.84,basic
338,100379,372,11.34,transfer,travel,AR,Buenos Aires,mobile,0,548,34006.28,1377.27,10,4926.56,card,19,6,-34.62093,-58.40335,32.5,15,0,6162,18.8,student,52,female,0.56,standard
339,100490,2013,13.97,payment,fashion,CO,Bogota,desktop,0,501,27631.92,18683.98,62,2060.73,card,10,5,4.67093,-74.08926,17.7,6,0,2248,17.0,student,47,male,5.24,standard
340,100153,886,11.47,transfer,services,AR,Buenos Aires,desktop,0,420,17250.0,13846.33,28,795.46,wallet,23,4,-34.58934,-58.40951,32.3,3,0,748,14.0,employed,24,male,2.65,basic
341,100460,809,11.57,purchase,utilities,AR,Buenos Aires,desktop,0,578,33217.77,30491.73,29,1224.53,cash,15,4,-34.63469,-58.3739,32.3,7,0,1363,22.1,employed,60,male,1.36,standard
342,100040,458,23.14,purchase,grocery,CL,Santiago,desktop,0,584,55745.97,54688.39,23,1685.1,cash,12,2,-33.44941,-70.66313,10.5,6,1,1109,36.2,retired,62,female,1.68,premium
343,100385,422,8.32,transfer,grocery,MX,Mexico City,mobile,0,508,18516.85,17368.27,8,1480.27,card,4,6,19.41018,-99.14878,76.7,10,0,1541,15.1,student,56,female,1.29,basic
344,100391,1868,49.57,purchase,grocery,CO,Bogota,mobile,1,447,30165.18,21813.3,61,1028.34,card,22,2,4.69709,-74.08427,15.7,5,0,1372,65.3,employed,29,male,5.08,standard
345,100065,355,12.56,transfer,travel,ES,Madrid,mobile,0,589,33495.66,2766.77,13,4266.21,card,14,4,40.4214,-3.73799,22.6,17,1,4981,20.3,employed,70,male,0.84,standard
346,100206,399,14.45,refund,services,CL,Santiago,mobile,0,482,42783.11,30752.25,14,3561.7,card,8,4,-33.47118,-70.6405,44.1,19,1,1980,22.6,self_employed,24,female,1.03,standard
347,100008,198,49.27,purchase,health,PE,Lima,mobile,1,475,19538.76,-5000.0,5,2479.99,bank_transfer,16,2,-12.04093,-77.04598,59.1,15,0,1761,64.9,employed,55,female,0.35,basic
348,100077,968,12.5,purchase,grocery,PE,Lima,mobile,0,520,27120.38,-393.82,29,2838.77,bank_transfer,9,3,-12.05575,-77.05428,19.6,12,1,1911,20.2,employed,34,female,3.19,standard
349,100058,288,10.41,payment,fashion,MX,Mexico City,mobile,1,555,22873.64,3003.12,16,3196.04,card,17,4,19.43577,-99.13499,13.8,13,0,4232,17.7,retired,60,female,0.95,basic
350,100250,366,25.13,purchase,utilities,CL,Santiago,tablet,1,520,58736.44,9517.7,9,5000.0,card,23,0,-33.44237,-70.69659,23.0,13,0,7153,30.6,employed,42,male,1.56,premium
351,100119,279,42.94,transfer,utilities,ES,Madrid,mobile,1,470,55112.39,43176.56,15,3090.22,wallet,21,3,40.3937,-3.68979,20.9,14,0,2173,57.2,employed,24,male,0.38,premium
352,100465,382,20.07,payment,utilities,US,Miami,mobile,0,496,51921.06,14718.7,9,5000.0,bank_transfer,20,0,25.75277,-80.19403,35.2,18,0,3155,29.4,self_employed,29,male,0.89,premium
353,100319,1768,18.48,purchase,services,ES,Madrid,mobile,0,454,47899.61,24419.08,60,5000.0,bank_transfer,19,1,40.42295,-3.7114,43.0,23,0,2531,27.5,employed,33,male,4.25,premium
354,100141,2516,9.94,purchase,grocery,ES,Madrid,desktop,0,552,24483.03,16434.45,97,2149.47,card,23,1,40.42697,-3.76522,108.6,8,1,1095,12.1,employed,63,female,6.48,basic
355,100088,1088,9.86,purchase,travel,MX,Mexico City,desktop,0,599,10500.0,1172.94,34,1222.94,bank_transfer,10,2,19.44538,-99.15955,27.7,4,1,810,12.0,retired,62,female,2.52,basic
356,100458,377,11.12,payment,services,CL,Santiago,mobile,0,436,11681.3,11418.13,13,306.64,wallet,15,5,-33.45782,-70.64967,90.9,1,1,365,18.5,retired,26,female,0.28,basic
357,100307,1328,17.16,purchase,grocery,CO,Bogota,mobile,0,510,50744.67,-5000.0,43,5000.0,wallet,13,5,4.69177,-74.06077,21.5,15,0,2864,25.9,employed,50,male,3.76,premium
358,100300,543,11.27,purchase,fashion,PE,Lima,mobile,0,598,40063.54,-2893.07,18,4633.49,card,19,5,-12.06729,-77.04366,38.9,18,1,2366,18.7,student,63,male,2.36,standard
359,100323,1245,8.0,purchase,grocery,MX,Mexico City,mobile,0,495,24375.68,15259.71,40,2253.73,card,10,6,19.46115,-99.12833,16.0,11,1,1634,14.7,employed,31,female,4.02,basic
360,100254,719,18.2,purchase,fashion,PE,Lima,tablet,0,605,63792.09,-5000.0,25,3590.48,wallet,12,1,-12.04817,-77.02954,10.0,23,0,2260,22.1,retired,66,male,1.72,premium
361,100321,307,25.65,withdrawal,utilities,US,Miami,tablet,0,476,76029.01,4626.21,14,5000.0,card,14,0,25.75546,-80.21448,11.7,17,0,6992,31.2,student,31,female,1.16,vip
362,100060,2055,31.78,purchase,grocery,MX,Mexico City,mobile,1,565,19192.58,1648.23,49,1531.31,cash,12,3,19.42644,-99.13019,22.0,6,0,1989,51.7,student,32,male,5.98,basic
363,100349,1351,12.13,payment,travel,PE,Lima,mobile,0,485,43935.23,33039.92,45,4051.77,cash,12,0,-12.04102,-77.05145,92.8,18,0,3915,27.8,employed,24,male,3.57,standard
364,100324,1789,30.14,purchase,grocery,PE,Lima,mobile,0,558,75468.06,7264.77,69,2121.43,card,14,6,-12.06267,-77.05644,10.0,15,0,2438,41.7,employed,47,male,5.17,vip
365,100256,769,49.55,payment,fashion,AR,Buenos Aires,mobile,1,568,94841.32,9606.16,31,5000.0,card,19,2,-34.56434,-58.37808,13.0,23,0,6314,65.3,employed,67,male,2.16,vip
366,100301,218,18.82,purchase,electronics,CL,Santiago,mobile,0,428,28800.94,8460.15,10,2156.86,bank_transfer,8,6,-33.45666,-70.66533,21.9,7,0,1860,27.9,retired,25,female,1.28,standard
367,100296,796,8.2,purchase,grocery,MX,Mexico City,desktop,0,568,19485.14,6109.06,31,1231.52,card,13,6,19.42603,-99.13278,15.4,6,1,1740,10.0,retired,48,male,1.79,basic
368,100315,850,19.28,purchase,grocery,CL,Santiago,mobile,0,540,62599.07,14444.94,32,5000.0,bank_transfer,20,2,-33.46646,-70.6312,14.7,20,0,5475,28.5,self_employed,68,female,2.27,premium
369,100432,113,24.79,purchase,health,CO,Bogota,mobile,0,437,55303.85,14864.15,1,2943.32,wallet,10,5,4.74506,-74.07051,25.3,17,0,3800,35.2,employed,24,female,0.5,premium
370,100046,507,22.05,purchase,utilities,ES,Madrid,mobile,1,546,107758.66,-1102.57,22,4136.7,bank_transfer,12,5,40.41504,-3.69677,46.1,17,0,5406,31.8,employed,58,female,1.61,vip
371,100086,652,54.49,payment,electronics,ES,Madrid,mobile,0,453,63770.57,16589.28,26,5000.0,card,17,0,40.41772,-3.72317,21.6,16,1,6456,71.3,employed,26,male,1.39,premium
372,100109,669,17.78,purchase,utilities,CO,Bogota,mobile,1,478,54961.62,994.98,18,5000.0,card,13,5,4.72504,-74.08612,65.1,20,0,7252,26.6,employed,29,female,2.32,premium
373,100360,992,14.37,purchase,grocery,CL,Santiago,mobile,0,447,40938.14,39114.1,33,1041.29,bank_transfer,15,5,-33.46764,-70.64573,43.5,4,0,1066,22.5,employed,23,male,2.6,standard
374,100133,247,11.33,purchase,grocery,US,Miami,mobile,0,532,41490.02,32631.9,7,4712.37,card,9,6,25.72918,-80.18776,23.8,21,1,4399,18.8,student,71,male,0.0,standard
375,100016,455,8.54,purchase,health,PE,Lima,mobile,0,445,17250.0,7711.24,12,1501.75,card,8,1,-12.06775,-77.00408,20.9,8,0,978,15.4,employed,30,female,1.26,basic
376,100303,736,18.94,payment,utilities,PE,Lima,mobile,0,479,48335.79,17950.89,28,5000.0,wallet,18,1,-12.04368,-77.02893,26.0,16,0,3064,28.0,employed,32,male,2.59,premium
377,100193,350,16.78,purchase,grocery,CO,Bogota,desktop,0,560,59574.04,-5000.0,14,5000.0,card,10,4,4.64869,-74.05798,20.4,20,0,5702,20.4,employed,38,female,0.26,premium
378,100456,1036,8.93,withdrawal,utilities,CO,Bogota,desktop,0,549,17302.08,10796.42,43,1052.42,card,19,6,4.73046,-74.05767,14.1,7,1,828,10.9,employed,59,male,3.45,basic
379,100116,736,10.48,purchase,grocery,PE,Lima,mobile,0,554,23417.01,10848.4,25,1005.57,bank_transfer,15,6,-12.03314,-77.0472,16.1,2,1,980,17.8,employed,59,female,1.42,basic
380,100355,136,11.22,purchase,travel,US,Miami,mobile,0,455,17250.0,2286.54,5,391.12,card,17,3,25.73307,-80.19389,69.1,3,0,325,18.7,employed,24,female,0.0,basic
381,100330,429,32.77,purchase,electronics,MX,Mexico City,mobile,0,467,56050.37,69096.87,9,1286.19,wallet,21,1,19.43027,-99.17189,47.1,5,0,785,44.9,employed,18,female,0.0,premium
382,100366,2247,12.35,purchase,fashion,CO,Bogota,mobile,0,503,39915.23,-399.51,78,5000.0,card,21,0,4.69222,-74.09964,65.7,19,0,4420,20.0,retired,32,male,5.99,standard
383,100294,882,14.78,transfer,utilities,CO,Bogota,desktop,1,574,19114.26,17330.18,32,1646.85,cash,6,4,4.70635,-74.05045,12.2,7,0,958,26.0,employed,57,female,2.41,basic
384,100027,68,54.7,purchase,grocery,PE,Lima,desktop,0,528,35333.16,27841.76,0,2204.84,card,12,3,-12.02646,-77.02688,20.1,4,0,2468,66.6,employed,44,non_binary,0.0,standard
385,100140,407,23.22,purchase,electronics,US,Miami,desktop,0,496,24086.0,2561.71,12,3337.91,card,13,6,25.75935,-80.195,31.6,16,1,2044,28.3,employed,29,female,1.59,basic
386,100198,423,16.93,purchase,fashion,CL,Santiago,desktop,0,457,56553.79,51416.39,13,5000.0,card,17,0,-33.45509,-70.6524,12.2,21,0,4944,20.6,employed,28,female,1.47,premium
387,100377,652,13.79,purchase,grocery,CL,Santiago,mobile,0,562,26653.88,-5000.0,22,2393.28,bank_transfer,17,6,-33.44021,-70.66068,10.8,13,0,2405,21.8,self_employed,52,male,1.98,standard
388,100014,969,12.26,payment,electronics,CO,Bogota,mobile,0,470,15567.38,3351.54,32,1426.28,card,14,0,4.71326,-74.05772,13.0,9,0,943,19.9,retired,32,male,2.93,basic
389,100087,1244,11.33,purchase,grocery,ES,Madrid,mobile,0,583,31963.96,7203.7,38,3271.3,card,23,0,40.41045,-3.67846,10.0,16,0,4174,18.8,retired,52,male,3.64,standard
390,100265,721,26.98,payment,services,AR,Buenos Aires,desktop,0,567,150108.83,68307.06,26,5000.0,card,16,2,-34.59675,-58.37083,23.5,25,0,6305,32.8,employed,60,female,1.84,vip
391,100262,352,28.49,transfer,travel,PE,Lima,desktop,0,580,26678.01,22146.75,14,1693.75,bank_transfer,20,1,-12.06061,-77.0539,10.0,11,0,1281,34.7,employed,56,male,0.94,standard
392,100222,279,23.84,purchase,utilities,CL,Santiago,mobile,0,544,31271.2,-5000.0,12,3637.2,card,21,0,-33.44336,-70.65047,14.9,17,0,2864,34.0,self_employed,45,female,0.28,standard
393,100243,649,11.22,transfer,travel,CO,Bogota,mobile,0,499,35388.2,11614.31,24,797.91,card,23,1,4.75572,-74.08954,17.7,6,0,1085,18.7,employed,33,male,1.64,standard
394,100259,260,28.89,purchase,electronics,CL,Santiago,mobile,0,496,57635.78,-5000.0,7,5000.0,cash,19,1,-33.43568,-70.70005,25.8,17,0,6046,48.2,employed,24,male,0.22,premium
395,100400,267,19.9,withdrawal,services,CO,Bogota,mobile,0,523,34219.74,17098.13,8,3691.04,bank_transfer,11,3,4.72469,-74.0459,17.4,19,1,5022,29.2,student,36,male,0.37,standard
396,100354,917,11.33,transfer,health,ES,Madrid,desktop,0,603,29291.67,-5000.0,38,3899.04,card,17,3,40.40663,-3.69799,47.0,29,0,4591,13.8,employed,55,female,2.66,standard
397,100103,469,16.83,purchase,grocery,MX,Mexico City,tablet,0,477,32466.59,-5000.0,12,3269.25,card,16,3,19.42847,-99.1482,50.6,15,0,4421,20.5,employed,26,female,1.05,standard
398,100149,374,14.12,purchase,fashion,CO,Bogota,mobile,0,557,22777.08,5896.48,12,2230.62,card,11,4,4.73606,-74.07094,14.9,10,1,1732,22.2,unemployed,46,male,0.85,basic
399,100139,715,8.76,payment,utilities,CL,Santiago,mobile,0,469,16860.51,18748.92,21,845.07,bank_transfer,17,0,-33.45861,-70.64091,34.0,6,1,1205,15.7,student,28,male,1.73,basic
400,100067,1544,18.7,purchase,electronics,ES,Madrid,desktop,1,651,44023.85,44509.74,45,3264.35,cash,16,3,40.41511,-3.69013,33.7,15,1,4693,30.8,retired,70,male,4.2,standard
401,100003,303,24.5,purchase,health,US,Miami,mobile,0,454,34066.18,-5000.0,15,4149.38,wallet,11,1,25.77714,-80.21257,47.8,18,0,2770,34.8,employed,29,male,0.87,standard
402,100342,506,21.79,transfer,services,CO,Bogota,mobile,0,597,55431.6,9180.92,11,4770.84,wallet,16,0,4.71269,-74.10712,55.8,18,0,5319,31.5,employed,57,male,0.9,premium
403,100056,588,11.89,purchase,health,CO,Bogota,desktop,0,461,29692.48,-5000.0,27,3458.68,card,23,2,4.72552,-74.04224,34.5,15,0,3117,14.5,employed,29,female,1.62,standard
404,100304,429,33.22,purchase,services,AR,Buenos Aires,mobile,0,592,26958.7,-2494.61,16,3975.52,cash,15,6,-34.59586,-58.39677,29.4,18,0,2358,53.4,retired,66,female,1.29,standard
405,100233,86,28.04,purchase,fashion,US,Miami,mobile,0,409,75238.89,38637.79,3,5000.0,bank_transfer,14,4,25.74513,-80.17792,42.2,21,0,2763,39.1,employed,30,male,0.0,vip
406,100373,513,28.13,purchase,utilities,MX,Mexico City,mobile,0,549,57422.55,24926.86,23,2695.14,card,10,5,19.45454,-99.12433,66.8,9,0,1815,39.2,retired,65,female,1.53,premium
407,100051,532,42.69,transfer,grocery,PE,Lima,desktop,1,538,77241.21,31482.59,20,5000.0,bank_transfer,11,5,-12.06617,-77.02615,15.5,25,1,3887,51.9,self_employed,55,female,1.7,vip
408,100001,763,12.47,purchase,fashion,ES,Madrid,tablet,1,421,25392.17,16436.41,20,1619.43,card,19,1,40.47107,-3.70798,18.4,3,0,1596,15.2,employed,29,female,1.92,basic
409,100018,1285,8.54,purchase,grocery,ES,Madrid,tablet,0,401,13800.95,4497.46,50,655.74,card,11,4,40.43032,-3.71439,39.7,1,0,819,10.4,student,31,female,3.7,basic
410,100268,465,30.76,purchase,utilities,US,Miami,mobile,0,571,30412.17,9916.62,11,4519.9,cash,7,5,25.76061,-80.1765,40.1,30,0,2726,50.4,unemployed,64,female,1.58,standard
411,100469,584,33.68,purchase,services,PE,Lima,mobile,1,464,54973.48,39963.81,14,4330.23,card,14,4,-12.05067,-77.00427,19.5,26,0,4156,46.0,employed,33,male,1.04,premium
412,100312,149,31.34,purchase,fashion,PE,Lima,mobile,1,622,107177.6,9136.38,6,5000.0,bank_transfer,19,5,-12.05053,-77.08926,23.5,21,0,4018,43.1,employed,67,male,1.4,vip
413,100025,825,15.2,transfer,utilities,AR,Buenos Aires,mobile,0,525,29487.15,1107.24,21,3309.77,bank_transfer,18,2,-34.64231,-58.40821,65.1,20,1,4170,23.5,student,59,male,2.22,standard
414,100183,652,18.79,payment,grocery,CO,Bogota,mobile,0,501,47907.27,47305.53,16,3335.33,wallet,11,5,4.72718,-74.03026,20.8,17,0,2030,27.9,unemployed,39,female,2.01,premium
415,100357,295,44.06,purchase,fashion,PE,Lima,mobile,1,422,48841.07,7948.14,10,978.71,card,14,5,-12.05063,-77.03025,10.0,9,0,859,58.6,employed,28,male,1.06,premium
416,100186,1356,10.89,withdrawal,fashion,CL,Santiago,mobile,0,515,15808.97,-4353.71,41,1126.22,card,13,3,-33.44159,-70.68043,65.9,10,0,1249,18.3,student,52,female,3.85,basic
417,100043,1018,21.91,purchase,utilities,AR,Buenos Aires,tablet,1,547,59626.34,38195.06,58,3606.18,card,18,5,-34.61538,-58.39377,12.4,16,0,3990,26.7,employed,62,male,2.94,premium
418,100129,696,16.26,payment,utilities,ES,Madrid,mobile,0,432,38911.86,19538.23,32,3098.72,bank_transfer,18,1,40.41466,-3.72181,17.5,16,0,1667,24.8,employed,19,female,1.0,standard
419,100359,597,13.42,purchase,grocery,PE,Lima,mobile,1,388,40985.28,9146.26,20,3857.46,cash,19,0,-12.05829,-77.05633,15.5,17,1,3597,29.3,retired,31,male,2.2,standard
420,100244,693,9.37,transfer,services,CL,Santiago,mobile,0,543,19671.61,14586.13,23,1998.82,bank_transfer,18,4,-33.43655,-70.67453,10.0,21,0,1035,16.4,employed,35,female,1.62,basic
421,100255,1032,29.04,purchase,electronics,ES,Madrid,desktop,1,606,71288.75,50616.69,36,2650.65,card,12,1,40.45735,-3.70408,11.9,10,0,3753,35.3,self_employed,53,male,3.14,premium
422,100270,1015,19.38,refund,grocery,US,Miami,desktop,0,493,28890.32,10655.52,37,2903.27,wallet,12,6,25.76106,-80.20431,36.5,13,0,3469,23.6,student,48,female,2.47,standard
423,100390,1004,15.69,withdrawal,grocery,US,Miami,mobile,1,510,31568.24,23042.79,35,2864.67,wallet,23,2,25.76275,-80.15291,10.0,19,0,3955,24.1,employed,54,male,2.32,standard
424,100471,1014,34.22,withdrawal,utilities,US,Miami,mobile,1,474,99330.19,-5000.0,34,3621.28,card,10,3,25.7521,-80.18879,29.7,12,0,4621,46.6,employed,36,female,2.9,vip
425,100154,602,15.91,purchase,grocery,PE,Lima,mobile,0,460,40007.31,33173.68,20,1865.45,card,17,4,-12.07168,-77.02836,43.7,15,1,1079,24.4,retired,32,male,2.09,standard
426,100371,620,20.44,purchase,grocery,MX,Mexico City,desktop,0,489,70666.7,-5000.0,18,5000.0,card,23,5,19.44625,-99.11435,55.8,25,0,7377,24.9,self_employed,29,female,1.71,premium
427,100499,579,21.84,purchase,travel,MX,Mexico City,tablet,0,474,28657.78,40.48,13,3034.4,cash,6,6,19.44742,-99.1248,77.5,17,0,4049,34.6,unemployed,29,female,1.61,standard
428,100070,468,8.52,purchase,fashion,CO,Bogota,tablet,0,541,13426.94,7563.72,16,564.21,card,19,1,4.683,-74.0559,10.0,1,1,826,10.4,retired,61,female,1.37,basic
429,100453,1143,14.95,withdrawal,electronics,MX,Mexico City,mobile,0,563,22392.79,9595.85,32,2378.77,cash,19,2,19.41762,-99.12595,69.2,10,0,2002,31.2,self_employed,62,male,2.92,basic
430,100158,1063,8.93,purchase,utilities,PE,Lima,desktop,0,577,25789.09,-4326.9,42,1566.54,bank_transfer,9,5,-12.0405,-77.05514,21.4,6,1,2025,10.9,student,66,male,2.59,basic
431,100474,328,8.33,purchase,travel,PE,Lima,mobile,0,520,11829.72,5198.58,10,1512.33,wallet,23,2,-12.02617,-77.06589,62.9,8,1,1060,15.1,retired,36,male,0.02,basic
432,100447,622,24.69,payment,health,ES,Madrid,mobile,0,420,23799.39,14462.87,20,1677.86,card,15,2,40.42427,-3.69055,35.4,2,1,1452,35.0,unemployed,29,female,2.04,basic
433,100271,762,16.04,purchase,grocery,ES,Madrid,mobile,0,421,30126.24,-5000.0,27,3790.11,wallet,18,5,40.44108,-3.72309,15.1,16,0,3995,24.5,unemployed,31,female,2.35,standard
434,100146,841,16.16,purchase,fashion,ES,Madrid,desktop,1,436,34451.85,23604.52,33,1739.36,bank_transfer,18,3,40.42251,-3.68907,31.2,5,0,1960,19.7,employed,26,female,2.16,standard
435,100205,385,42.81,purchase,utilities,CL,Santiago,mobile,0,519,46560.26,21244.24,7,5000.0,card,13,5,-33.44282,-70.66695,14.4,14,0,4417,57.1,employed,49,male,1.13,premium
436,100278,724,8.83,withdrawal,grocery,US,Miami,desktop,0,412,12750.0,3038.74,27,1140.95,cash,14,3,25.77568,-80.2152,17.6,9,0,1658,18.7,unemployed,18,female,0.0,basic
437,100394,124,21.29,purchase,grocery,US,Miami,mobile,0,495,64565.05,16151.4,2,5000.0,card,16,5,25.77022,-80.18173,17.4,23,1,3268,30.9,employed,22,female,0.0,premium
438,100314,795,210.42,purchase,utilities,US,Miami,mobile,1,489,39109.21,27946.47,16,3092.6,card,23,6,25.74418,-80.1815,58.3,19,0,4613,100.0,employed,28,female,2.27,standard
439,100418,232,19.36,purchase,grocery,CO,Bogota,mobile,1,465,57219.02,44353.49,11,5000.0,card,16,4,4.72001,-74.08369,40.9,24,0,7372,28.6,employed,21,male,0.21,premium
440,100331,311,28.41,payment,health,PE,Lima,mobile,0,556,37049.49,-5000.0,12,4088.38,card,14,3,-12.01851,-77.04436,17.5,26,0,4032,39.6,self_employed,40,male,0.8,standard
441,100064,51,17.59,purchase,utilities,CL,Santiago,tablet,0,462,38613.57,-5000.0,0,2723.42,wallet,13,4,-33.44108,-70.67718,13.2,11,0,3433,21.4,employed,20,female,0.39,standard
442,100325,1550,12.1,transfer,fashion,PE,Lima,mobile,0,445,22661.99,13231.7,54,2635.7,card,14,6,-12.05347,-77.06567,10.9,7,0,2534,19.7,employed,30,female,4.83,basic
443,100491,726,11.69,purchase,utilities,CO,Bogota,tablet,0,556,35234.34,25296.49,15,4071.83,card,22,2,4.70594,-74.04948,24.5,27,0,5144,14.2,student,36,male,1.97,standard
444,100387,2362,14.41,transfer,services,ES,Madrid,desktop,0,447,20842.45,10361.67,90,748.86,bank_transfer,16,5,40.45158,-3.6722,13.5,4,1,1062,17.5,student,30,male,6.21,basic
445,100168,353,11.37,purchase,grocery,ES,Madrid,mobile,0,513,35473.66,19830.45,13,1777.08,wallet,23,6,40.40568,-3.72361,30.3,5,0,973,18.8,unemployed,26,male,1.02,standard
446,100076,967,17.26,purchase,utilities,CO,Bogota,mobile,0,612,49566.66,-5000.0,28,5000.0,wallet,6,1,4.70907,-74.03496,27.7,15,0,6978,26.0,student,69,female,2.83,premium
447,100290,735,21.27,withdrawal,fashion,ES,Madrid,tablet,0,583,33765.69,3400.99,28,2289.3,cash,11,1,40.45299,-3.67791,26.9,12,0,1778,33.9,unemployed,44,male,1.54,standard
448,100411,1077,28.84,transfer,electronics,CL,Santiago,mobile,0,461,122869.98,104887.51,42,5000.0,wallet,6,4,-33.49664,-70.67735,21.9,15,0,4489,40.1,employed,24,female,2.43,vip
449,100350,205,21.32,purchase,utilities,AR,Buenos Aires,mobile,0,429,52647.9,14277.12,2,4449.87,cash,21,5,-34.57363,-58.38841,39.2,14,0,3326,38.9,employed,27,male,0.51,premium
450,100118,874,15.05,purchase,grocery,US,Miami,mobile,0,555,40598.25,20761.35,36,4921.13,card,13,4,25.7646,-80.19048,11.8,18,0,3116,23.3,employed,54,female,2.49,standard
451,100213,130,17.38,withdrawal,utilities,MX,Mexico City,desktop,1,502,50728.17,309.39,5,4079.78,cash,11,2,19.45227,-99.14396,79.4,16,0,2857,29.1,self_employed,26,male,0.31,premium
452,100353,656,17.82,payment,grocery,PE,Lima,desktop,1,515,45956.47,16662.7,22,2579.0,card,23,0,-12.03033,-77.03168,11.6,9,0,3096,21.7,employed,39,female,2.09,premium
453,100358,1843,39.93,purchase,health,AR,Buenos Aires,mobile,1,580,59320.05,43458.65,69,5000.0,card,20,1,-34.59976,-58.35139,23.3,23,1,5811,53.6,employed,56,male,5.66,premium
454,100180,951,14.82,purchase,electronics,AR,Buenos Aires,mobile,0,480,30244.31,14998.66,39,4003.49,card,23,6,-34.62712,-58.36608,22.3,24,0,4520,23.0,employed,23,female,3.03,standard
455,100348,498,15.01,payment,utilities,US,Miami,mobile,0,424,37391.33,6263.33,12,3282.79,cash,13,4,25.76505,-80.16182,16.0,13,0,4145,31.3,student,34,male,1.56,standard
456,100380,378,8.63,withdrawal,utilities,CL,Santiago,tablet,0,523,25100.03,1904.79,13,2788.72,card,11,2,-33.42175,-70.66439,11.2,6,0,3155,10.5,employed,54,male,0.46,basic
457,100099,1805,30.21,withdrawal,health,PE,Lima,mobile,0,450,45234.66,-5000.0,50,5000.0,wallet,23,6,-12.06895,-77.0275,11.4,32,0,4045,41.8,employed,26,female,5.11,premium
458,100361,329,27.4,purchase,fashion,MX,Mexico City,tablet,0,453,60074.73,27190.39,10,2434.12,bank_transfer,13,1,19.43255,-99.11491,12.0,12,0,1278,33.3,employed,27,male,0.31,premium
459,100135,2644,17.49,withdrawal,utilities,CO,Bogota,mobile,0,467,67778.03,23975.93,79,5000.0,bank_transfer,20,2,4.68961,-74.08407,19.8,21,0,3903,26.3,employed,27,male,7.53,premium
460,100176,1109,14.77,purchase,grocery,AR,Buenos Aires,desktop,1,457,34112.02,-5000.0,43,3920.28,card,11,6,-34.59291,-58.38024,16.7,24,1,4657,18.0,employed,31,male,2.26,standard
461,100445,649,53.43,purchase,grocery,ES,Madrid,mobile,1,461,81143.1,4464.15,15,2941.27,cash,14,3,40.37508,-3.67358,116.0,20,1,3148,78.0,employed,28,male,2.1,vip
462,100483,682,11.45,transfer,electronics,CO,Bogota,mobile,1,451,37113.13,4926.08,21,2937.78,wallet,19,1,4.69119,-74.08915,10.6,22,0,3218,18.9,employed,28,male,1.94,standard
463,100084,645,11.72,purchase,health,PE,Lima,mobile,0,508,21628.34,14888.65,20,931.66,card,19,2,-12.01886,-77.09669,34.2,3,0,1372,19.3,employed,29,female,1.86,basic
464,100497,795,23.56,purchase,grocery,PE,Lima,desktop,0,465,48461.25,-5000.0,29,3887.71,card,16,0,-12.0457,-77.04627,26.3,17,0,5166,28.7,self_employed,31,male,2.02,premium
465,100039,909,11.32,purchase,health,AR,Buenos Aires,mobile,0,577,38043.83,43936.95,32,800.52,card,16,5,-34.59245,-58.37021,12.1,6,1,800,18.8,retired,46,female,1.94,standard
466,100340,618,17.86,purchase,health,MX,Mexico City,desktop,1,538,30912.26,5081.17,18,3591.96,card,23,4,19.442,-99.1774,10.8,13,0,5079,21.7,self_employed,50,female,1.72,standard
467,100002,1130,8.26,purchase,utilities,AR,Buenos Aires,mobile,0,459,19724.24,-4265.52,49,2498.82,bank_transfer,10,6,-34.62472,-58.3949,21.4,8,0,1510,15.1,employed,30,male,2.99,basic
468,100451,872,12.39,payment,services,MX,Mexico City,mobile,0,544,41789.67,2503.51,25,5000.0,cash,11,2,19.42448,-99.12382,22.0,22,0,2954,28.1,employed,48,male,2.39,standard
469,100311,1333,30.29,purchase,utilities,US,Miami,mobile,0,425,39458.24,-5000.0,42,4929.71,card,16,3,25.74507,-80.17653,15.1,19,0,3049,41.9,employed,25,female,3.08,standard
470,100305,337,18.2,transfer,services,CL,Santiago,mobile,0,541,27089.23,9586.16,16,737.22,bank_transfer,13,5,-33.4353,-70.6661,39.7,2,0,807,27.1,employed,55,male,0.69,standard
471,100068,306,26.24,withdrawal,fashion,US,Miami,desktop,0,471,86964.33,2050.44,8,5000.0,card,17,5,25.76294,-80.20885,17.1,14,0,5409,31.9,employed,34,female,1.34,vip
472,100208,489,19.38,purchase,grocery,CO,Bogota,desktop,1,543,48389.35,21171.61,16,2474.51,card,20,6,4.73824,-74.06625,30.4,11,0,2405,23.6,student,53,female,2.21,premium
473,100486,666,22.08,withdrawal,electronics,ES,Madrid,mobile,1,445,72660.37,13967.08,29,5000.0,card,10,6,40.43664,-3.67636,26.0,14,0,5215,31.9,employed,36,male,2.63,vip
474,100420,95,8.12,withdrawal,services,AR,Buenos Aires,mobile,0,584,20563.34,-5000.0,4,2869.66,card,17,0,-34.61476,-58.40061,13.2,16,0,3867,14.9,employed,64,female,0.37,basic
475,100253,847,25.96,purchase,utilities,PE,Lima,mobile,0,532,26413.55,28581.53,22,1169.36,card,15,6,-12.05478,-77.04453,16.4,5,0,1698,36.6,student,30,male,2.77,standard
476,100334,1086,8.39,withdrawal,grocery,AR,Buenos Aires,mobile,0,494,23664.2,-5000.0,28,2895.53,card,17,2,-34.60709,-58.39289,42.6,10,1,2593,15.2,student,32,male,2.83,basic
477,100339,244,19.81,transfer,health,US,Miami,mobile,1,526,33968.69,-558.35,4,2247.63,card,17,1,25.76115,-80.17638,57.9,16,0,2846,29.1,employed,62,male,0.21,standard
478,100409,47,16.63,payment,services,CO,Bogota,desktop,0,465,54152.99,5953.9,0,1852.72,cash,16,6,4.70581,-74.02112,33.3,12,0,1243,28.2,student,25,female,0.74,premium
479,100111,128,11.21,purchase,grocery,PE,Lima,mobile,1,519,22592.05,-5000.0,4,1500.38,card,16,6,-12.08173,-77.08993,10.0,5,0,1002,18.6,unemployed,33,male,0.39,basic
480,100224,1266,12.01,purchase,grocery,PE,Lima,mobile,1,491,29343.65,7755.0,48,1379.79,wallet,17,0,-12.08887,-77.03165,73.3,7,0,1312,19.6,employed,30,female,3.62,standard
481,100430,164,73.85,withdrawal,fashion,CL,Santiago,desktop,1,656,73672.67,52710.2,3,3419.87,wallet,15,6,-33.47692,-70.6874,51.4,16,0,3255,89.9,employed,62,male,0.52,vip
482,100032,285,95.84,purchase,health,MX,Mexico City,mobile,1,409,83010.71,53648.25,7,5000.0,wallet,13,2,19.43425,-99.10412,27.4,25,0,6968,100.0,student,29,female,0.55,vip
483,100073,717,26.27,withdrawal,electronics,US,Miami,mobile,0,581,85545.55,97238.27,13,5000.0,card,13,2,25.7229,-80.22985,74.5,18,0,6796,37.0,employed,57,male,1.97,vip
484,100047,1084,15.94,purchase,fashion,US,Miami,mobile,0,509,18794.04,12022.81,41,2329.27,bank_transfer,21,4,25.73467,-80.22136,36.0,10,1,1386,24.4,student,27,male,2.65,basic
485,100126,517,9.15,transfer,travel,CO,Bogota,mobile,0,426,17250.0,3002.33,19,360.85,card,18,0,4.73227,-74.0701,40.3,0,0,520,16.1,employed,28,female,1.31,basic
486,100113,290,19.13,purchase,services,ES,Madrid,mobile,0,513,29677.61,33235.15,8,846.76,wallet,15,1,40.39323,-3.74665,94.0,3,0,580,28.3,self_employed,28,female,0.23,standard
487,100096,762,11.89,payment,fashion,CL,Santiago,desktop,0,467,38892.56,-5000.0,23,3868.07,card,7,6,-33.47333,-70.66667,19.3,19,0,4783,14.5,employed,35,female,2.81,standard
488,100225,1527,24.07,purchase,electronics,CL,Santiago,mobile,0,537,54199.06,8170.4,44,5000.0,bank_transfer,18,5,-33.44745,-70.69357,38.7,21,0,5820,34.3,self_employed,54,female,4.17,premium
489,100214,229,38.36,purchase,travel,US,Miami,desktop,0,479,31630.54,5724.32,7,3280.0,bank_transfer,13,5,25.74994,-80.16596,46.7,27,0,2856,46.7,employed,37,male,0.94,standard
490,100057,1390,17.35,purchase,travel,AR,Buenos Aires,mobile,0,481,57974.08,52541.86,39,5000.0,wallet,17,5,-34.62578,-58.34404,40.7,16,0,7259,26.1,student,37,female,3.67,premium
491,100123,403,11.82,withdrawal,health,US,Miami,mobile,0,478,34902.02,20942.87,12,1723.77,card,9,4,25.74551,-80.17338,24.2,10,0,1939,19.4,retired,21,male,0.52,standard
492,100106,553,13.93,purchase,services,CO,Bogota,mobile,1,476,42044.69,35949.49,23,2599.39,card,23,0,4.6972,-74.09242,15.2,11,0,2974,21.9,employed,31,male,1.0,standard
493,100083,161,28.64,purchase,utilities,AR,Buenos Aires,mobile,0,476,19192.95,17299.1,2,1788.41,bank_transfer,10,3,-34.60794,-58.404,12.2,7,0,1156,39.8,employed,31,female,0.0,basic
494,100017,945,27.84,purchase,utilities,CL,Santiago,mobile,0,529,79004.41,80435.08,32,3100.59,wallet,10,2,-33.41765,-70.69,47.8,11,0,2222,38.9,employed,53,female,2.78,vip
495,100230,547,12.09,purchase,services,US,Miami,mobile,1,650,30128.94,-3531.15,15,2645.94,cash,17,2,25.74797,-80.18683,14.9,12,1,3578,27.7,unemployed,70,male,2.06,standard
496,100098,1311,8.09,purchase,utilities,US,Miami,desktop,0,447,17250.0,-3396.58,43,1712.19,card,14,2,25.79662,-80.15331,64.2,9,0,939,9.8,employed,21,male,3.0,basic
497,100476,639,26.35,purchase,grocery,US,Miami,mobile,0,506,82030.8,15809.25,19,5000.0,bank_transfer,14,0,25.74732,-80.17646,38.2,21,1,5814,37.1,employed,57,female,1.78,vip
498,100322,1002,37.49,purchase,utilities,CO,Bogota,mobile,0,494,72088.13,63724.2,37,5000.0,bank_transfer,9,6,4.75757,-74.05101,60.6,14,1,6952,50.6,retired,30,female,2.6,vip
499,100382,1220,12.6,purchase,electronics,CL,Santiago,mobile,0,441,27289.7,7597.27,33,3446.18,bank_transfer,15,4,-33.40111,-70.66581,36.6,22,0,2536,20.3,student,27,male,3.94,standard
500,100365,1473,10.16,transfer,fashion,CO,Bogota,mobile,0,471,14504.41,5208.83,52,798.84,card,10,5,4.72246,-74.07737,10.0,3,0,1048,17.4,retired,25,male,4.17,basic
